"indinterview_id"|"indinterviewname"|"indinterviewstartdate"|"indinterviewenddate"|"indinterviewlocation"|"starttime"|"endtime"|"duration"|"lastupdate"|"staffid"|"remarks"
69|"STONYHURST COLLEGE INTERVIEW (13 JAN 2015)"|"20150113"|"20150113"|"INTERVIEW VENUE: 14/F, China Taiping Tower Phase II, 8 Sunning Road, Causeway Bay, Hong Kong
面試地點：香港銅鑼灣新寧道8號中國太平大廈2期14樓"|"161000"|"185000"|20|"20141202230053"|"AA00003"|"*To be confirmed"
44|"SUSSEX DOWNS COLLEGE INTERVIEW (23 JUL 2014)"|"20140723"|"20140723"|"INTERVIEW VENUE: Room 2007-9, Hang Lung Centre, 2-20 Paterson Street, Causeway Bay, Hong Kong"|"173000"|"185000"|20|"20140531114732"|"AA00003"|""
47|"ST. CLARE'S INTERVIEW (30 JUN 2014)"|"20140630"|"20140630"|"INTERVIEW VENUE: Room 2007-9, Hang Lung Centre, 2-20 Paterson Street, Causeway Bay, Hong Kong"|"160000"|"170000"|30|"20140619101614"|"AA00003"|""
50|"KINGSWOOD SCHOOL INTERVIEW (28 SEP 2014)"|"20140928"|"20140928"|"INTERVIEW VENUE: 14/F, China Taiping Tower Phase II, 8 Sunning Road, Causeway Bay, Hong Kong"|"092000"|"182000"|20|"20140717212531"|"AA00003"|""
93|"WEST BUCKLAND SCHOOL INTERVIEW (18 JAN 2016)"|"20160118"|"20160118"|"INTERVIEW VENUE: 14/F, China Taiping Tower Phase II, 8 Sunning Road, Causeway Bay, Hong Kong
面試地點：香港銅鑼灣新寧道8號中國太平大廈2期14樓"|"120000"|"140000"|20|"20151212105449"|"AA00062"|""
63|"LEYS SCHOOL INTERVIEW (22-23 OCT 2014)"|"20141022"|"20141023"|"INTERVIEW VENUE: 14/F, China Taiping Tower Phase II, 8 Sunning Road, Causeway Bay, Hong Kong
面試地點：香港銅鑼灣新寧道8號中國太平大廈2期14樓"|"134000"|"182000"|20|"20141008224632"|"AA00003"|"* To be confirmed"
64|"CARDIFF SIXTH FORM COLLEGE INTERVIEW (14 OCT 2014)"|"20141014"|"20141014"|"INTERVIEW VENUE: 14/F, China Taiping Tower Phase II, 8 Sunning Road, Causeway Bay, Hong Kong
面試地點：香港銅鑼灣新寧道8號中國太平大廈2期14樓"|"100000"|"184000"|20|"20141008224639"|"AA00003"|"* To be confirmed"
60|"OUNDLE SCHOOL INTERVIEW (1 OCT 2014)"|"20141001"|"20141001"|"INTERVIEW VENUE: 14/F, China Taiping Tower Phase II, 8 Sunning Road, Causeway Bay, Hong Kong
面試地點：香港銅鑼灣新寧道8號中國太平大廈2期14樓"|"184500"|"193000"|15|"20140930110222"|""|"* Exam date: to be confirmed"
61|"HEADINGTON SCHOOL – 2ND INTERVIEW (SEP 2015 ENTRY)"|"20141009"|"20141212"|"INTERVIEW VENUE: Island Shangri-La Hotel - Pacific Place, Supreme Court Road, Central, Hong Kong
面試地點：港島香格里拉酒店 - 香港中區法院道太古廣場"|"101500"|"131500"|60|"20141014190138"|"AA00003"|""
53|"WYMONDHAM COLLEGE INTERVIEW (21-23 OCT 2014)"|"20141021"|"20141023"|"INTERVIEW VENUE: 14/F, China Taiping Tower Phase II, 8 Sunning Road, Causeway Bay, Hong Kong
面試地點：香港銅鑼灣新寧道8號中國太平大廈2期14樓"|"134000"|"190000"|20|"20141007194558"|"AA00003"|"* To be confirmed"
54|"SUSSEX DOWNS COLLEGE INTERVIEW (7 NOV 2014)"|"20141107"|"20141107"|"INTERVIEW VENUE: 14/F, China Taiping Tower Phase II, 8 Sunning Road, Causeway Bay, Hong Kong
面試地點：香港銅鑼灣新寧道8號中國太平大廈2期14樓"|"160000"|"190000"|30|"20141007194605"|"AA00003"|"* To be confirmed"
57|"CITY OF LONDON FREEMEN’S SCHOOL INTERVIEW (1-2 NOV 2014)"|"20141101"|"20141102"|"INTERVIEW VENUE: 14/F, China Taiping Tower Phase II, 8 Sunning Road, Causeway Bay, Hong Kong
面試地點：香港銅鑼灣新寧道8號中國太平大廈2期14樓"|"093000"|"171500"|15|"20141007194810"|"AA00003"|"* Please ignore"
62|"HARROW SCHOOL - SECOND INTERVIEW (19 OCT 2014)"|"20141019"|"20141019"|"INTERVIEW VENUE: 14/F, China Taiping Tower Phase II, 8 Sunning Road, Causeway Bay, Hong Kong
面試地點：香港銅鑼灣新寧道8號中國太平大廈2期14樓"|"090000"|"190000"|20|"20141015195724"|""|"We would suggest the interviewee to arrive at the interview venue 5-10 minutes before the actual interview time to get prepared.

* Please ignore."
68|"DAUNTSEY'S SCHOOL ENTRANCE INTERVIEWS"|"20141115"|"20141116"|"INTERVIEW VENUE: 
The Park Lane Hotel, 310 Gloucester Road, Causeway Bay, Hong Kong.
Churchill Rooms."|"084000"|"180000"|20|"20141111233145"|""|"* exam has been completed, please ignore."
35|"ST JOHN'S COLLEGE INTERVIEW (12 APR 2014)"|"20140412"|"20140412"|"INTERVIEW VENUE: Room 2007-9, Hang Lung Centre, 2-20 Paterson Street, Causeway Bay, Hong Kong"|"100000"|"130000"|30|"20140117105430"|"AA00003"|""
36|"CHRIST COLLEGE INTERVIEW (12 FEB 2014)"|"20140212"|"20140212"|"INTERVIEW VENUE: Room 2007-9, Hang Lung Centre, 2-20 Paterson Street, Causeway Bay, Hong Kong"|"160000"|"183000"|30|"20140125165152"|"AA00003"|""
37|"TRURO HIGH SCHOOL FOR GIRLS INTERVIEW (19 FEB 2014)"|"20140219"|"20140219"|"INTERVIEW VENUE: Room 2007-9, Hang Lung Centre, 2-20 Paterson Street, Causeway Bay, Hong Kong"|"163000"|"190000"|30|"20140206154415"|"AA00003"|""
27|"HEADINGTON SCHOOL – 2ND INTERVIEW (SEP 2014 LOWER FORM ENTRY)"|"20131112"|"20140128"|"INTERVIEW VENUE: Island Shangri-La Hotel, Pacific Place, Supreme Court Road, Central, Hong Kong"|"091500"|"141500"|60|"20141008102023"|"AA00003"|""
20|"HEADINGTON SCHOOL – 2ND INTERVIEW (SEP 2014 SIXTH FORM ENTRY)"|"20131008"|"20131115"|"INTERVIEW VENUE: Island Shangri-La Hotel, Pacific Place, Supreme Court Road, Central, Hong Kong"|"091500"|"141500"|60|"20141008102252"|"AA00003"|""
38|"BROCKENHURST COLLEGE INTERVIEW (11 MAR 2014)"|"20140311"|"20140311"|"INTERVIEW VENUE: Room 2007-9, Hang Lung Centre, 2-20 Paterson Street, Causeway Bay, Hong Kong"|"160000"|"190000"|30|"20140217102925"|"AA00003"|""
14|"SUSSEX DOWNS COLLEGE INTERVIEW (12 JUL 2013)"|"20130712"|"20130712"|"Room 2007-9, Hang Lung Centre, 2-20 Paterson Street, Causeway Bay, Hong Kong"|"174000"|"194000"|30|"20130620215106"|"AA00003"|""
39|"KINGSLEY SCHOOL INTERVIEW (25 MAR 2014)"|"20140325"|"20140325"|"INTERVIEW VENUE: Room 2007-9, Hang Lung Centre, 2-20 Paterson Street, Causeway Bay, Hong Kong"|"161500"|"184500"|30|"20140219191718"|"AA00003"|""
45|"GLOUCESTERSHIRE COLLEGE INTERVIEW (16 JUL 2014)"|"20140716"|"20140716"|"INTERVIEW VENUE: Room 2007-9, Hang Lung Centre, 2-20 Paterson Street, Causeway Bay, Hong Kong"|"150000"|"173000"|30|"20140603102121"|"AA00003"|""
65|"ITCHEN SIXTH FORM COLLEGE INTERVIEW (11 NOV 2014)"|"20141111"|"20141111"|"INTERVIEW VENUE: 14/F, China Taiping Tower Phase II, 8 Sunning Road, Causeway Bay, Hong Kong
面試地點：香港銅鑼灣新寧道8號中國太平大廈2期14樓"|"170000"|"183000"|30|"20141030113033"|"AA00003"|"*To be confirmed"
72|"ASTRUM COLLEGES INTERVIEW (18 MAR 2015)"|"20150318"|"20150318"|"INTERVIEW VENUE: 14/F, China Taiping Tower Phase II, 8 Sunning Road, Causeway Bay, Hong Kong
面試地點：香港銅鑼灣新寧道8號中國太平大廈2期14樓"|"160000"|"183000"|30|"20150224112117"|"AA00003"|"*To be confirmed"
70|"HEADINGTON SCHOOL – 2ND INTERVIEW (SEP 2015 LOWER FORM ENTRY)"|"20150113"|"20150129"|"INTERVIEW VENUE: Island Shangri-La Hotel - Pacific Place, Supreme Court Road, Central, Hong Kong
面試地點：港島香格里拉酒店 - 香港中區法院道太古廣場"|"101500"|"131500"|60|"20141220183128"|"AA00003"|""
46|"ITCHEN SIXTH FORM COLLEGE INTERVIEW (16 JUL 2014)"|"20140716"|"20140716"|"INTERVIEW VENUE: Room 2007-9, Hang Lung Centre, 2-20 Paterson Street, Causeway Bay, Hong Kong"|"173000"|"185000"|20|"20140604181900"|"AA00003"|""
40|"ITCHEN COLLEGE INTERVIEW (27 MAR 2014)"|"20140327"|"20140327"|"INTERVIEW VENUE: Room 2007-9, Hang Lung Centre, 2-20 Paterson Street, Causeway Bay, Hong Kong"|"170000"|"193000"|30|"20140307190337"|"AA00003"|""
41|"WEST BUCKLAND SCHOOL INTERVIEW (20 MAR 2014)"|"20140320"|"20140320"|"INTERVIEW VENUE: Room 2007-9, Hang Lung Centre, 2-20 Paterson Street, Causeway Bay, Hong Kong"|"161000"|"185000"|20|"20140313220555"|"AA00003"|""
58|"STAMFORD SCHOOL & STAMFORD HIGH SCHOOL INTERVIEW (11 OCT 2014)"|"20141011"|"20141011"|"INTERVIEW VENUE: 14/F, China Taiping Tower Phase II, 8 Sunning Road, Causeway Bay, Hong Kong
面試地點：香港銅鑼灣新寧道8號中國太平大廈2期14樓"|"133000"|"183000"|30|"20141004210447"|""|"* Exam Date to be confirmed"
42|"INTERNATIONAL COLLEGE, SHERBORNE SCHOOL INTERVIEW (8 APR 2014)"|"20140408"|"20140408"|"INTERVIEW VENUE: Room 2007-9, Hang Lung Centre, 2-20 Paterson Street, Causeway Bay, Hong Kong"|"163000"|"180000"|30|"20140326103856"|"AA00003"|""
43|"WHITE HOUSE GUARDIANSHIPS MEETING (2-3 AUG 2014)"|"20140802"|"20140803"|"MEETING VENUE: Room 2007-9, Hang Lung Centre, 2-20 Paterson Street, Causeway Bay, Hong Kong"|"094000"|"184000"|20|"20140423182747"|"AA00003"|""
51|"ROYAL GRAMMAR SCHOOL INTERVIEW (25 OCT 2014)"|"20141025"|"20141025"|"INTERVIEW VENUE: 14/F, China Taiping Tower Phase II, 8 Sunning Road, Causeway Bay, Hong Kong
面試地點：香港銅鑼灣新寧道8號中國太平大廈2期14樓"|"100000"|"182000"|20|"20141007194621"|"AA00003"|"* To be confirmed"
55|"SHERBORNE GIRLS INTERVIEW (18 OCT 2014)"|"20141018"|"20141018"|"INTERVIEW VENUE: 14/F, China Taiping Tower Phase II, 8 Sunning Road, Causeway Bay, Hong Kong
面試地點：香港銅鑼灣新寧道8號中國太平大廈2期14樓"|"093000"|"140000"|30|"20141007194640"|"AA00003"|"* To be confirmed"
48|"WYCLIFFE COLLEGE INTERVIEW (11 OCT 2014)"|"20141011"|"20141011"|"INTERVIEW VENUE: 14/F, China Taiping Tower Phase II, 8 Sunning Road, Causeway Bay, Hong Kong
面試地點：香港銅鑼灣新寧道8號中國太平大廈2期14樓"|"112000"|"134000"|20|"20141007194659"|"AA00003"|"* To be confirmed"
13|"GLOUCESTERSHIRE COLLEGE INTERVIEW (16 JUL 2013)"|"20130716"|"20130716"|"Room 2007-9, Hang Lung Centre, 2-20 Paterson Street, Causeway Bay, Hong Kong"|"113000"|"140000"|30|"20130626160724"|"AA00003"|""
16|"ITCHEN COLLEGE INTERVIEW (20 JUL 2013)"|"20130720"|"20130720"|"Room 2007-9 Hang Lung Centre, 2-20 Paterson Street, Causeway Bay, Hong Kong"|"163000"|"183000"|30|"20130705165310"|"AA00003"|""
18|"CHARTERHOUSE – THE HONG KONG BURSARY INTERVIEW (21-22 SEP 2013)"|"20130921"|"20130922"|"3/F, The Excelsior Hotel, 281 Gloucester Road, Causeway Bay, Hong Kong
香港銅鑼灣告士打道 281 號,怡東酒店3樓"|"084000"|"094000"|20|"20130827155204"|"AA00003"|"On the day of interview/s, please submit a recent passport-size photo to the interviewer of each school, don't forget to put your name at the back of the photo. 面試當日，請親身遞交一張近照給學校代表(護照尺寸)，請在相片後面寫上學生名字。
*Shortlisted students will be invited to register with the schools after the interviews and attend their own entrance exam. 面試成功的學生將獲邀註冊及應考學校的入學試。
Result of the interviews will be announced online, students will be given a letter with the login ID and password when they attend the interview/s in September 2013. 面試結果將於網上公佈，面試當日，學生將收到信件內附有登入賬號和密碼。"
3|"HARROW SCHOOL (SECOND INTERVIEW-20 OCT 2012)"|"20121020"|"20121020"|"INTERVIEW VENUE: ROOM 2007-9 HANG LUNG CENTRE, 2-20 PATERSON STREET, CAUSEWAY BAY, HONG KONG"|"092000"|"190000"|20|"20121015094924"|""|"We would suggest the interviewee to arrive at the interview venue 5-10 minutes before the actual interview time to get prepared."
4|"LEWESTON SCHOOL INTERVIEW"|"20130426"|"20130426"|"Room 2007-9, 20/F, Hang Lung Centre, 2-20 Paterson Street, Causeway Bay, Hong Kong"|"163000"|"193000"|30|"20130311195600"|""|"On the day of interview/s, please submit a recent passport-size photo to the interviewer of each school, don't forget to put your name at the back of the photo.
面試當日，請親身遞交一張近照給學校代表(護照尺寸)，請在相片後面寫上學生名字。"
19|"LEYS SCHOOL INTERVIEW (23-24 OCT 2013)"|"20131023"|"20131024"|"INTERVIEW VENUE: Room 2007-9, Hang Lung Centre, 2-20 Paterson Street, Causeway Bay, Hong Kong"|"134000"|"182000"|20|"20131002130308"|""|""
17|"OLD SWINFORD HOSPITAL INTERVIEW (18-19 JAN 2014)"|"20140118"|"20140119"|"INTERVIEW VENUE: Room 2007-9, Hang Lung Centre, 2-20 Paterson Street, Causeway Bay, Hong Kong"|"094000"|"182000"|20|"20131002133457"|"AA00003"|""
6|"SUSSEX DOWNS COLLEGE INTERVIEW (31 MAY 2013)"|"20130531"|"20130531"|"Room 2007-9, Hang Lung Centre, 2-20 Paterson Street, Causeway Bay, Hong Kong"|"163000"|"190000"|30|"20130427172748"|"AA00003"|"On the day of interview/s, please submit a recent passport-size photo to the interviewer of each school, don't forget to put your name at the back of the photo.
面試當日，請親身遞交一張近照給學校代表(護照尺寸)，請在相片後面寫上學生名字。"
66|"WEST BUCKLAND SCHOOL INTERVIEW (13 JAN 2015)"|"20150113"|"20150113"|"INTERVIEW VENUE: 14/F, China Taiping Tower Phase II, 8 Sunning Road, Causeway Bay, Hong Kong
面試地點：香港銅鑼灣新寧道8號中國太平大廈2期14樓"|"161000"|"191000"|20|"20141102171215"|"AA00003"|"*To be confirmed"
7|"LIME HOUSE SCHOOL INTERVIEW (5 JUN 2013)"|"20130605"|"20130605"|"Room 2007-9, 20/F, Hang Lung Centre, 2-20 Paterson Street, Causeway Bay, Hong Kong"|"100000"|"123000"|30|"20130427175051"|"AA00003"|"On the day of interview/s, please submit a recent passport-size photo to the interviewer of each school, don't forget to put your name at the back of the photo.
面試當日，請親身遞交一張近照給學校代表(護照尺寸)，請在相片後面寫上學生名字。"
8|"OCKBROOK SCHOOL INTERVIEW (22 MAY 2013)"|"20130522"|"20130522"|"Room 2007-9, Hang Lung Centre, 2-20 Paterson Street, Causeway Bay, Hong Kong"|"163000"|"183000"|30|"20130502174657"|"AA00003"|""
21|"BEECHWOOD SACRED HEART SCHOOL INTERVIEW (4 NOV 2013)"|"20131104"|"20131104"|"INTERVIEW VENUE: Room 2007-9, Hang Lung Centre, 2-20 Paterson Street, Causeway Bay, Hong Kong"|"113000"|"135000"|20|"20131007115302"|"AA00003"|""
9|"WHITE HOUSE GUARDIANSHIPS MEETING (17-18 AUG 2013)"|"20130817"|"20130818"|"Room 2007-9, 20/F, Hang Lung Centre, 2-20 Paterson Street, Causeway Bay, Hong Kong"|"094000"|"180000"|20|"20130504124708"|"AA00003"|""
10|"BEDSTONE COLLEGE INTERVIEW (28 MAY 2013)"|"20130528"|"20130528"|"Room 2007-9 Hang Lung Centre, 2-20 Paterson Street, Causeway Bay, Hong Kong"|"163000"|"183000"|30|"20130507194450"|"AA00003"|""
11|"TRENT COLLEGE INTERVIEW (31 MAY 2013)"|"20130531"|"20130531"|"Room 2007-9 Hang Lung Centre, 2-20 Paterson Street, Causeway Bay, Hong Kong"|"160000"|"183000"|30|"20130510212048"|"AA00003"|""
12|"WELLS CATHEDRAL SCHOOL INTERVIEW (5 JUN 2013)"|"20130605"|"20130605"|"Room 2007-9 Hang Lung Centre, 2-20 Paterson Street, Causeway Bay, Hong Kong"|"161000"|"185000"|20|"20130511170442"|"AA00003"|""
22|"WYMONDHAM COLLEGE INTERVIEW (23-24 OCT 2013)"|"20131023"|"20131024"|"INTERVIEW VENUE: Room 2007-9, Hang Lung Centre, 2-20 Paterson Street, Causeway Bay, Hong Kong"|"134000"|"190000"|20|"20131008111549"|"AA00003"|""
24|"ROYAL GRAMMAR SCHOOL INTERVIEW (27 OCT 2013)"|"20131027"|"20131027"|"INTERVIEW VENUE: Room 2007-9, Hang Lung Centre, 2-20 Paterson Street, Causeway Bay, Hong Kong"|"100000"|"174000"|20|"20131022105736"|"AA00003"|""
23|"HARROW SCHOOL (SECOND INTERVIEW - 26 OCT 2013)"|"20131026"|"20131026"|"INTERVIEW VENUE: ROOM 2007-9 HANG LUNG CENTRE, 2-20 PATERSON STREET, CAUSEWAY BAY, HONG KONG"|"090000"|"190000"|20|"20131014191855"|"AA00003"|"We would suggest the interviewee to arrive at the interview venue 5-10 minutes before the actual interview time to get prepared."
25|"CITY OF LONDON FREEMEN'S SCHOOL INTERVIEW (2-3 NOV 2013)"|"20131102"|"20131103"|"INTERVIEW VENUE: Room 2007-9, Hang Lung Centre, 2-20 Paterson Street, Causeway Bay, Hong Kong"|"094500"|"181500"|15|"20131022112230"|"AA00003"|""
26|"STAMFORD SCHOOL & STAMFORD HIGH SCHOOL INTERVIEW (9 NOV 2013)"|"20131109"|"20131109"|"INTERVIEW VENUE: Room 2007-9, Hang Lung Centre, 2-20 Paterson Street, Causeway Bay, Hong Kong"|"094000"|"182000"|20|"20131023193846"|"AA00003"|""
28|"LEWESTON SCHOOL INTERVIEW (13 NOV 2013)"|"20131113"|"20131113"|"INTERVIEW VENUE: Room 2007-9, Hang Lung Centre, 2-20 Paterson Street, Causeway Bay, Hong Kong"|"160000"|"190000"|30|"20131024114252"|"AA00003"|""
29|"GIGGLESWICK SCHOOL INTERVIEW (21 FEB 2014)"|"20140221"|"20140221"|"INTERVIEW VENUE: Room 2007-9, Hang Lung Centre, 2-20 Paterson Street, Causeway Bay, Hong Kong"|"161000"|"185000"|20|"20131107112730"|"AA00003"|""
30|"STONYHURST COLLEGE INTERVIEW (10 JAN 2014)"|"20140110"|"20140110"|"INTERVIEW VENUE: Room 2007-9, Hang Lung Centre, 2-20 Paterson Street, Causeway Bay, Hong Kong"|"154000"|"181000"|20|"20131128115210"|"AA00003"|""
31|"FRAMLINGHAM COLLEGE INTERVIEW (11 JAN 2014)"|"20140111"|"20140111"|"INTERVIEW VENUE: Room 2007-9, Hang Lung Centre, 2-20 Paterson Street, Causeway Bay, Hong Kong"|"111000"|"135000"|20|"20131216104131"|"AA00003"|""
32|"SEDBERGH SCHOOL INTERVIEW (17 JAN 2014)"|"20140117"|"20140117"|"INTERVIEW VENUE: Room 2007-9, Hang Lung Centre, 2-20 Paterson Street, Causeway Bay, Hong Kong"|"153000"|"183000"|30|"20131220105211"|"AA00003"|""
33|"ITCHEN COLLEGE INTERVIEW (17 JAN 2014)"|"20140117"|"20140117"|"INTERVIEW VENUE: Room 2007-9, Hang Lung Centre, 2-20 Paterson Street, Causeway Bay, Hong Kong)"|"160000"|"190000"|30|"20131221110955"|"AA00003"|""
34|"WELLS CATHEDRAL SCHOOL INTERVIEW (15 JAN 2014)"|"20140115"|"20140115"|"INTERVIEW VENUE: Room 2007-9, Hang Lung Centre, 2-20 Paterson Street, Causeway Bay, Hong Kong"|"161000"|"191000"|20|"20131224103433"|"AA00003"|""
74|"ITCHEN SIXTH FORM COLLEGE INTERVIEW (27 MAR 2015)"|"20150327"|"20150327"|"INTERVIEW VENUE: 14/F, China Taiping Tower Phase II, 8 Sunning Road, Causeway Bay, Hong Kong
面試地點：香港銅鑼灣新寧道8號中國太平大廈2期14樓"|"160000"|"170000"|30|"20150319144848"|"AA00007"|"*To be confirmed"
67|"OLD SWINFORD HOSPITAL INTERVIEW (10-11 JAN 2015)"|"20150110"|"20150111"|"INTERVIEW VENUE: 14/F, China Taiping Tower Phase II, 8 Sunning Road, Causeway Bay, Hong Kong
面試地點：香港銅鑼灣新寧道8號中國太平大廈2期14樓"|"094000"|"182000"|20|"20141107180026"|"AA00003"|"*To be confirmed"
52|"MILLFIELD SCHOOL INTERVIEW (16 SEP 2014)"|"20140916"|"20140916"|"INTERVIEW VENUE: 14/F, China Taiping Tower Phase II, 8 Sunning Road, Causeway Bay, Hong Kong"|"163000"|"190000"|30|"20140831172804"|""|"* Exam Date: To be confirmed"
73|"LEWESTON SCHOOL INTERVIEW (7 MAR 2015)"|"20150307"|"20150307"|"INTERVIEW VENUE: 14/F, China Taiping Tower Phase II, 8 Sunning Road, Causeway Bay, Hong Kong
面試地點：香港銅鑼灣新寧道8號中國太平大廈2期14樓"|"144500"|"171500"|30|"20150303112653"|"AA00003"|"*To be confirmed"
59|"SHERBORNE GIRLS INTERVIEW & MUSIC AUDITION (19 OCT 2014)"|"20141019"|"20141019"|"AUDITION VENUE: Vivace Music Centre - 16/F, Lee West Commercial Building, 375-379 Hennessy Road, Wanchai, Hong Kong
試演地點：動韻音樂中心 - 香港灣仔軒尼斯道375-379號利威商業大廈16樓全層"|"090000"|"170000"|60|"20141007194626"|"AA00003"|"* To be confirmed"
49|"HARTPURY COLLEGE INTERVIEW (18 OCT 2014)"|"20141018"|"20141018"|"INTERVIEW VENUE: 14/F, China Taiping Tower Phase II, 8 Sunning Road, Causeway Bay, Hong Kong
面試地點：香港銅鑼灣新寧道8號中國太平大廈2期14樓"|"103000"|"133000"|30|"20141007194634"|"AA00003"|"* To be confirmed"
56|"MERCHISTON CASTLE SCHOOL INTERVIEW (16 OCT 2014)"|"20141016"|"20141016"|"INTERVIEW VENUE: 14/F, China Taiping Tower Phase II, 8 Sunning Road, Causeway Bay, Hong Kong
面試地點：香港銅鑼灣新寧道8號中國太平大廈2期14樓"|"161000"|"185000"|20|"20141007194645"|"AA00003"|"* To be confirmed"
84|"LEYS SCHOOL INTERVIEW (31 OCT 2015)"|"20151031"|"20151031"|"INTERVIEW VENUE: 14/F, China Taiping Tower Phase II, 8 Sunning Road, Causeway Bay, Hong Kong
面試地點：香港銅鑼灣新寧道8號中國太平大廈2期14樓"|"100000"|"183000"|30|"20150825202036"|"AA00007"|"* To be confirmed"
77|"GLOUCESTERSHIRE COLLEGE INTERVIEW (18 JUL 2015)"|"20150718"|"20150718"|"INTERVIEW VENUE: 14/F, China Taiping Tower Phase II, 8 Sunning Road, Causeway Bay, Hong Kong"|"153000"|"173000"|30|"20150605211007"|"AA00007"|""
75|"OLD SWINFORD HOSPITAL INTERVIEW ( 7-8 NOV 2015)"|"20151107"|"20151108"|"INTERVIEW VENUE: 14/F, China Taiping Tower Phase II, 8 Sunning Road, Causeway Bay, Hong Kong
面試地點：香港銅鑼灣新寧道8號中國太平大廈2期14樓"|"100000"|"182000"|20|"20150520102758"|""|"* To be Confirmed"
78|"SUSSEX DOWNS COLLEGE INTERVIEW (17 July 2015 Friday from 4pm)"|"20150717"|"20150717"|"INTERVIEW VENUE: 14/F, China Taiping Tower Phase II, 8 Sunning Road, Causeway Bay, Hong Kong
面試地點：香港銅鑼灣新寧道8號中國太平大廈2期14樓"|"160000"|"180000"|30|"20150606121334"|""|"* To be confirmed"
79|"Bosworth Independent College Interview (6 July 2015 1430-1630)"|"20150706"|"20150706"|"INTERVIEW VENUE: 14/F, China Taiping Tower Phase II, 8 Sunning Road, Causeway Bay, Hong Kong
面試地點：香港銅鑼灣新寧道8號中國太平大廈2期14樓"|"143000"|"160000"|30|"20150608202818"|"AA00007"|"* To be confirmed"
76|"ASTRUM COLLEGES INTERVIEW 18 JULY 2015 (1PM-3PM)"|"20150718"|"20150718"|"INTERVIEW VENUE: 14/F, China Taiping Tower Phase II, 8 Sunning Road, Causeway Bay, Hong Kong
面試地點：香港銅鑼灣新寧道8號中國太平大廈2期14樓"|"130000"|"144000"|20|"20150618180534"|"AA00007"|""
71|"WHITE HOUSE GUARDIANSHIPS MEETING (25-26 JUL 2015)"|"20150725"|"20150726"|"MEETING VENUE: 14/F, China Taiping Tower Phase II, 8 Sunning Road, Causeway Bay, Hong Kong
會面地點：香港銅鑼灣新寧道8號中國太平大廈2期14樓"|"094000"|"184000"|20|"20150707115810"|"AA00032"|"*N/A"
80|"ASTRUM COLLEGES INTERVIEW (18 AUG 2015)"|"20150818"|"20150818"|"INTERVIEW VENUE: 14/F, China Taiping Tower Phase II, 8 Sunning Road, Causeway Bay, Hong Kong
面試地點：香港銅鑼灣新寧道8號中國太平大廈2期14樓"|"104000"|"132000"|20|"20150619130132"|"AA00003"|"*To be confirmed"
87|"HARROW SCHOOL - SECOND INTERVIEW (24 OCT 2015)"|"20151024"|"20151024"|"INTERVIEW VENUE: 14/F, China Taiping Tower Phase II, 8 Sunning Road, Causeway Bay, Hong Kong
面試地點：香港銅鑼灣新寧道8號中國太平大廈2期14樓"|"090000"|"190000"|20|"20151019182322"|""|"* please ignore the exam date. 


We would suggest the interviewee to arrive at the interview venue 5-10 minutes before the actual interview time to get prepared."
86|"WELLS CATHEDRAL SCHOOL INTERVIEW (27 OCT 2015)"|"20151027"|"20151027"|"INTERVIEW VENUE: 14/F, China Taiping Tower Phase II, 8 Sunning Road, Causeway Bay, Hong Kong
面試地點：香港銅鑼灣新寧道8號中國太平大廈2期14樓"|"160000"|"183000"|30|"20150921145028"|"AA00007"|"* to be confirmed"
97|"Etherton Education Seminar for academic summer courses (13 Feb 2016)"|"20160213"|"20160213"|"INTERVIEW VENUE: 14/F, China Taiping Tower Phase II, 8 Sunning Road, Causeway Bay, Hong Kong
面試地點：香港銅鑼灣新寧道8號中國太平大廈2期14樓"|"051500"|"080000"|5|"20160204163004"|"AA00062"|""
82|"WHITE HOUSE GUARDIANSHIPS MEETING (26 JUL 2015)"|"20150726"|"20150726"|"MEETING PLACE: Langham Place 香港旺角朗豪酒店
No.555 Shanghai Street, Mongkok, Kowloon, Hong Kong 
香港九龍旺角上海街555號
The meeting will be in the lobby of the hotel"|"094000"|"184000"|20|"20150715113105"|"AA00007"|"*N/A

The representative of White House Guardianships:
Mrs. Peggotty MOORE
Mr. Will HUME"
85|"MILLFIELD SCHOOL INTERVIEW (23 SEP 2015)"|"20150923"|"20150923"|"INTERVIEW VENUE: 14/F, China Taiping Tower Phase II, 8 Sunning Road, Causeway Bay, Hong Kong
面試地點：香港銅鑼灣新寧道8號中國太平大廈2期14樓"|"160000"|"183000"|30|"20150826130902"|"AA00062"|"* Exam Date: To be confirmed"
81|"WYMONDHAM COLLEGE INTERVIEW (19-22 OCT 2015)"|"20151019"|"20151022"|"INTERVIEW VENUE: 14/F, China Taiping Tower Phase II, 8 Sunning Road, Causeway Bay, Hong Kong
面試地點：香港銅鑼灣新寧道8號中國太平大廈2期14樓"|"100000"|"190000"|20|"20150619161543"|"AA00003"|"*To be confirmed"
89|"SHERBORNE SCHOOL FOR BOYS INTERVIEW (7 Nov 2015)"|"20151107"|"20151107"|"INTERVIEW VENUE: 14/F, China Taiping Tower Phase II, 8 Sunning Road, Causeway Bay, Hong Kong
面試地點：香港銅鑼灣新寧道8號中國太平大廈2期14樓"|"093000"|"133000"|30|"20150929161245"|"AA00062"|""
88|"SHERBORNE GIRLS INTERVIEW (7 NOV 2015)"|"20151107"|"20151107"|"INTERVIEW VENUE: 14/F, China Taiping Tower Phase II, 8 Sunning Road, Causeway Bay, Hong Kong
面試地點：香港銅鑼灣新寧道8號中國太平大廈2期14樓"|"093000"|"133000"|30|"20151006205319"|"AA00007"|"* to be advised"
99|"Itchen Sixth Form College Seminar (12 March 2016)"|"20160312"|"20160312"|"INTERVIEW VENUE: 14/F, China Taiping Tower Phase II, 8 Sunning Road, Causeway Bay, Hong Kong
面試地點：香港銅鑼灣新寧道8號中國太平大廈2期14樓"|"170000"|"180000"|5|"20160229145358"|"AA00062"|""
91|"HEADINGTON SCHOOL – 2ND INTERVIEW (SEP 2016 ENTRY)"|"20151014"|"20151231"|"INTERVIEW VENUE: Island Shangri-La Hotel - Pacific Place, Supreme Court Road, Central, Hong Kong
面試地點：港島香格里拉酒店 - 香港中區法院道太古廣場"|"101500"|"131500"|60|"20151010184255"|""|"* as scheduled"
94|"FRAMLINGHAM COLLEGE INTERVIEW (13 FEB 2016)"|"20160213"|"20160213"|"INTERVIEW VENUE: 14/F, China Taiping Tower Phase II, 8 Sunning Road, Causeway Bay, Hong Kong
面試地點：香港銅鑼灣新寧道8號中國太平大廈2期14樓"|"113000"|"132000"|20|"20151212144340"|"AA00062"|""
95|"KING'S ROCHESTER INTERVIEW (20 JAN 2016)"|"20160120"|"20160120"|"INTERVIEW VENUE: 14/F, China Taiping Tower Phase II, 8 Sunning Road, Causeway Bay, Hong Kong
面試地點：香港銅鑼灣新寧道8號中國太平大廈2期14樓"|"120000"|"135000"|20|"20151215130358"|"AA00062"|""
90|"KINGSWOOD SCHOOL INTERVIEW (25 OCT 2015 SUNDAY)"|"20151025"|"20151025"|"INTERVIEW VENUE:  Harbour Plaza North Point, 665 King's Road North Point Hong Kong Tel : (852) 2187 8888"|"100000"|"122000"|20|"20151019195331"|""|"* to be arranged

Please arrive at the hotel and ask for the Head of Kingswood School.
Head: Mr Simon Morris"
83|"CITY OF LONDON FREEMEN’S SCHOOL INTERVIEW (24 OCT 2015)"|"20151024"|"20151024"|"INTERVIEW VENUE: 14/F, China Taiping Tower Phase II, 8 Sunning Road, Causeway Bay, Hong Kong
面試地點：香港銅鑼灣新寧道8號中國太平大廈2期14樓"|"093000"|"183000"|15|"20151020111732"|""|"* please ignore"
100|"TRURO HIGH SCHOOL FOR GIRLS INTERVIEW (29 MARCH 2016)"|"20160329"|"20160329"|"MEETING VENUE: 14/F, China Taiping Tower Phase II, 8 Sunning Road, Causeway Bay, Hong Kong
會面地點：香港銅鑼灣新寧道8號中國太平大廈2期14樓"|"173000"|"190000"|20|"20160315122029"|"AA00062"|""
92|"HEADINGTON SCHOOL – 2ND INTERVIEW (SEP 2016 ENTRY)"|"20160101"|"20160131"|"INTERVIEW VENUE: Island Shangri-La Hotel - Pacific Place, Supreme Court Road, Central, Hong Kong
面試地點：港島香格里拉酒店 - 香港中區法院道太古廣場"|"101500"|"131500"|60|"20151223134732"|""|"* as scheduled"
96|"HEADINGTON SCHOOL – 2ND INTERVIEW_7 JAN 2016 (SEP 2016 ENTRY)"|"20160107"|"20160107"|"INTERVIEW VENUE: Island Shangri-La Hotel - Pacific Place, Supreme Court Road, Central, Hong Kong
面試地點：港島香格里拉酒店 - 香港中區法院道太古廣場"|"091500"|"101500"|60|"20151223135236"|""|""
121|"LEYS SCHOOL INTERVIEW (15 OCT 2016)"|"20161015"|"20161015"|"INTERVIEW VENUE: 14/F, China Taiping Tower Phase II, 8 Sunning Road, Causeway Bay, Hong Kong
面試地點：香港銅鑼灣新寧道8號中國太平大廈2期14樓"|"093000"|"130000"|30|"20160930205239"|"AA00007"|"* to be confirmed"
98|"QUEST GUARDIANS MEETING (5 MARCH & 6 MARCH 2016)"|"20160305"|"20160306"|"Meeting Venue: 
Tower Boardroom (16th Floor), 
Sheraton Hong Kong Hotel & Towers, 
20 Nathan Road, Kowloon, Hong Kong. (852) 2369 1111.
Conducted by: Mr Chris Michelmore, Director."|"090000"|"200000"|60|"20160217095148"|""|"* please ignore"
102|"SHERBORNE GIRLS INTERVIEW (11 JUNE 2016)"|"20160611"|"20160611"|"INTERVIEW VENUE: 14/F, China Taiping Tower Phase II, 8 Sunning Road, Causeway Bay, Hong Kong
面試地點：香港銅鑼灣新寧道8號中國太平大廈2期14樓"|"094000"|"132000"|20|"20160318114557"|"AA00062"|""
103|"LEWESTON SCHOOL INTERVIEW (19 APR 2016)"|"20160419"|"20160419"|"INTERVIEW VENUE: 14/F, China Taiping Tower Phase II, 8 Sunning Road, Causeway Bay, Hong Kong
面試地點：香港銅鑼灣新寧道8號中國太平大廈2期14樓"|"163000"|"183000"|30|"20160324121234"|"AA00062"|""
106|"ASTRUM COLLEGES INTERVIEW 14 JULY 2016 (4PM-6PM)"|"20160714"|"20160814"|"INTERVIEW VENUE: 14/F, China Taiping Tower Phase II, 8 Sunning Road, Causeway Bay, Hong Kong
面試地點：香港銅鑼灣新寧道8號中國太平大廈2期14樓"|"153000"|"183000"|30|"20160528115405"|"AA00062"|""
104|"ITCHEN SIXTH FORM COLLEGE INTERVIEW (28 JUNE 2016)"|"20160628"|"20160628"|"INTERVIEW VENUE: 14/F, China Taiping Tower Phase II, 8 Sunning Road, Causeway Bay, Hong Kong
面試地點：香港銅鑼灣新寧道8號中國太平大廈2期14樓"|"170000"|"190000"|30|"20160430105904"|"AA00061"|""
105|"Astrum Colleges Seminar (24 May 2016)"|"20160524"|"20160524"|"INTERVIEW VENUE: 14/F, China Taiping Tower Phase II, 8 Sunning Road, Causeway Bay, Hong Kong
面試地點：香港銅鑼灣新寧道8號中國太平大廈2期14樓"|"180000"|"190000"|5|"20160505181908"|"AA00062"|""
107|"WYMONDHAM COLLEGE INTERVIEW (18-20 OCT 2016)"|"20161018"|"20161020"|"INTERVIEW VENUE: 14/F, China Taiping Tower Phase II, 8 Sunning Road, Causeway Bay, Hong Kong
面試地點：香港銅鑼灣新寧道8號中國太平大廈2期14樓"|"134000"|"190000"|20|"20160528120557"|"AA00062"|""
108|"ASTRUM COLLEGES INTERVIEW 16 JULY 2016 (11AM-1PM)"|"20160716"|"20160716"|"INTERVIEW VENUE: 14/F, China Taiping Tower Phase II, 8 Sunning Road, Causeway Bay, Hong Kong
面試地點：香港銅鑼灣新寧道8號中國太平大廈2期14樓"|"103000"|"133000"|30|"20160528123148"|"AA00062"|""
109|"ASTRUM COLLEGES INTERVIEW 20 JULY 2016 (3PM-5PM)"|"20160720"|"20160720"|"INTERVIEW VENUE: 14/F, China Taiping Tower Phase II, 8 Sunning Road, Causeway Bay, Hong Kong
面試地點：香港銅鑼灣新寧道8號中國太平大廈2期14樓"|"143000"|"173000"|30|"20160528123600"|"AA00062"|""
110|"ASTRUM COLLEGES INTERVIEW 9 AUG 2016 (4:30PM-5:30PM)"|"20160809"|"20160809"|"INTERVIEW VENUE: 14/F, China Taiping Tower Phase II, 8 Sunning Road, Causeway Bay, Hong Kong
面試地點：香港銅鑼灣新寧道8號中國太平大廈2期14樓"|"163000"|"173000"|60|"20160603102751"|"AA00062"|""
111|"ASTRUM COLLEGES INTERVIEW 13 AUG 2016 (11AM-12PM)"|"20160813"|"20160813"|"INTERVIEW VENUE: 14/F, China Taiping Tower Phase II, 8 Sunning Road, Causeway Bay, Hong Kong
面試地點：香港銅鑼灣新寧道8號中國太平大廈2期14樓"|"110000"|"120000"|60|"20160603103308"|"AA00062"|""
112|"ASTRUM COLLEGES INTERVIEW 19 AUG 2016 (11AM-12PM)"|"20160819"|"20160819"|"INTERVIEW VENUE: 14/F, China Taiping Tower Phase II, 8 Sunning Road, Causeway Bay, Hong Kong
面試地點：香港銅鑼灣新寧道8號中國太平大廈2期14樓"|"110000"|"120000"|60|"20160603103714"|"AA00062"|""
113|"ASTRUM COLLEGES INTERVIEW 23 AUG 2016 (11AM-12PM)"|"20160823"|"20160823"|"INTERVIEW VENUE: 14/F, China Taiping Tower Phase II, 8 Sunning Road, Causeway Bay, Hong Kong
面試地點：香港銅鑼灣新寧道8號中國太平大廈2期14樓"|"110000"|"120000"|60|"20160603103912"|"AA00062"|""
101|"WHITE HOUSE GUARDIANSHIPS MEETING (23-24 JUL 2016)"|"20160723"|"20160723"|"MEETING VENUE: 14/F, China Taiping Tower Phase II, 8 Sunning Road, Causeway Bay, Hong Kong
會面地點：香港銅鑼灣新寧道8號中國太平大廈2期14樓"|"094000"|"184000"|20|"20160615184238"|"AA00007"|"* please ignore"
116|"NORWICH SCHOOL INTERVIEW 18 OCTOBER 2016"|"20161018"|"20161018"|"INTERVIEW VENUE: 14/F, China Taiping Tower Phase II, 8 Sunning Road, Causeway Bay, Hong Kong
面試地點：香港銅鑼灣新寧道8號中國太平大廈2期14樓"|"170000"|"183000"|15|"20160922115127"|"AA00061"|""
115|"MILLFIELD SCHOOL INTERVIEW (22 SEP 2016)"|"20160922"|"20160922"|"INTERVIEW VENUE: 14/F, China Taiping Tower Phase II, 8 Sunning Road, Causeway Bay, Hong Kong
面試地點：香港銅鑼灣新寧道8號中國太平大廈2期14樓"|"150000"|"180000"|30|"20160912101753"|""|"* to be confirmed"
117|"HEADINGTON SCHOOL - 2ND INTERVIEW (SEP 2017 ENTRY)"|"20161001"|"20170131"|"INTERVIEW VENUE: Island Shangri-La Hotel - Pacific Place, Supreme Court Road, Central, Hong Kong
面試地點：港島香格里拉酒店 - 香港中區法院道太古廣場"|"101500"|"131500"|60|"20160929105807"|"AA00061"|""
120|"SHERBORNE SCHOOLS INTERVIEW (14 OCT 2016)"|"20161014"|"20161014"|"INTERVIEW VENUE: 14/F, China Taiping Tower Phase II, 8 Sunning Road, Causeway Bay, Hong Kong
面試地點：香港銅鑼灣新寧道8號中國太平大廈2期14樓"|"140000"|"210000"|15|"20161004164339"|"AA00007"|"* To be arranged"
118|"WELLS CATHEDRAL SCHOOL  (29 SEP 2016 THURSDAY)"|"20160929"|"20160929"|"INTERVIEW VENUE: 14/F, China Taiping Tower Phase II, 8 Sunning Road, Causeway Bay, Hong Kong
面試地點：香港銅鑼灣新寧道8號中國太平大廈2期14樓"|"170000"|"190000"|20|"20160929113923"|""|""
119|"LOUGHBOROUGH GRAMMAR SCHOOL INTERVIEW (13 OCT 2016)"|"20161013"|"20161013"|"INTERVIEW VENUE: 14/F, China Taiping Tower Phase II, 8 Sunning Road, Causeway Bay, Hong Kong
面試地點：香港銅鑼灣新寧道8號中國太平大廈2期14樓"|"163000"|"183000"|15|"20160929201603"|"AA00061"|""
127|"CHRIST COLLEGE INTERVIEW (24 JAN 2017)"|"20170124"|"20170124"|"INTERVIEW VENUE: 14/F, China Taiping Tower Phase II, 8 Sunning Road, Causeway Bay, Hong Kong
面試地點：香港銅鑼灣新寧道8號中國太平大廈2期14樓"|"163000"|"183000"|20|"20170107131037"|"AA00061"|""
128|"PACKWOOD HAUGH SCHOOL (22 FEB 2017)"|"20170222"|"20170222"|"INTERVIEW VENUE: 14/F, China Taiping Tower Phase II, 8 Sunning Road, Causeway Bay, Hong Kong
面試地點：香港銅鑼灣新寧道8號中國太平大廈2期14樓"|"110000"|"120000"|30|"20170220192307"|"AA00007"|"* To be confirmed"
124|"CITY OF LONDON FREEMEN’S SCHOOL INTERVIEW (5 Nov 2016)"|"20161105"|"20161105"|"INTERVIEW VENUE: 14/F, China Taiping Tower Phase II, 8 Sunning Road, Causeway Bay, Hong Kong
面試地點：香港銅鑼灣新寧道8號中國太平大廈2期14樓"|"092000"|"180000"|20|"20161018203131"|""|"* please ignore"
122|"COLLYER'S - THE COLLEGE OF RICHARD COLLYER INTERVIEW (21 OCT 2016)"|"20161021"|"20161021"|"INTERVIEW VENUE: 14/F, China Taiping Tower Phase II, 8 Sunning Road, Causeway Bay, Hong Kong
面試地點：香港銅鑼灣新寧道8號中國太平大廈2期14樓"|"163000"|"183000"|15|"20161006104945"|"AA00061"|""
123|"STONYHURST COLLEGE INTERVIEW (18 OCT 2016)"|"20161018"|"20161018"|"INTERVIEW VENUE: 14/F, China Taiping Tower Phase II, 8 Sunning Road, Causeway Bay, Hong Kong
面試地點：香港銅鑼灣新寧道8號中國太平大廈2期14樓"|"160000"|"164500"|15|"20161008111224"|"AA00061"|""
114|"OLD SWINFORD HOSPITAL INTERVIEW (11 Feb 2017)"|"20170211"|"20170211"|"INTERVIEW VENUE: 14/F, China Taiping Tower Phase II, 8 Sunning Road, Causeway Bay, Hong Kong
面試地點：香港銅鑼灣新寧道8號中國太平大廈2期14樓"|"100000"|"183000"|20|"20170113105736"|"AA00061"|""
144|"BROCKENHURST COLLEGE INTERVIEW (7 APRIL 2018)"|"20180407"|"20180407"|"INTERVIEW VENUE: 14/F, China Taiping Tower Phase II, 8 Sunning Road, Causeway Bay, Hong Kong
面試地點：香港銅鑼灣新寧道8號中國太平大廈2期14樓"|"170000"|"174500"|15|"20180407144309"|"AA00061"|""
131|"THE NATIONAL MATHEMATICS AND SCIENCE COLLEGE (20 MAY 2017)"|"20170520"|"20170520"|"INDIVIDUAL COUNSELLING VENUE: 14/F, China Taiping Tower Phase II, 8 Sunning Road, Causeway Bay, Hong Kong
個人諮詢地點：香港銅鑼灣新寧道8號中國太平大廈2期14樓"|"100000"|"180000"|40|"20170509145902"|"AA00061"|"* please ignore"
125|"HARROW SCHOOL - SECOND INTERVIEW (29 OCT 2016)"|"20161029"|"20161029"|"INTERVIEW VENUE: 14/F, China Taiping Tower Phase II, 8 Sunning Road, Causeway Bay, Hong Kong
面試地點：香港銅鑼灣新寧道8號中國太平大廈2期14樓"|"093000"|"193000"|20|"20161024203318"|"AA00007"|"* please ignore the exam date. 


We would suggest the interviewee to arrive at the interview venue 5-10 minutes before the actual interview time to get prepared.
The interview lasts for around 20 mins."
133|"WHITE HOUSE GUARDIANSHIPS MEETING (29-30 JUL 2017)"|"20170729"|"20170729"|"MEETING VENUE: 14/F, China Taiping Tower Phase II, 8 Sunning Road, Causeway Bay, Hong Kong
會面地點：香港銅鑼灣新寧道8號中國太平大廈2期14樓"|"094000"|"184000"|20|"20170605152954"|""|"* please ignore"
126|"MALVERN ST JAMES GIRLS SCHOOL MEETING (13 DEC 2016)"|"20161213"|"20161213"|"MEETING VENUE: 14/F, China Taiping Tower Phase II, 8 Sunning Road, Causeway Bay, Hong Kong
會面地點：香港銅鑼灣新寧道8號中國太平大廈2期14樓"|"160000"|"183000"|20|"20161201113751"|"AA00061"|"* to be confirmed"
129|"CHELTENHAM COLLEGE INTERVIEW (21 MARCH 2017)"|"20170321"|"20170321"|"INTERVIEW VENUE: 14/F, China Taiping Tower Phase II, 8 Sunning Road, Causeway Bay, Hong Kong
面試地點：香港銅鑼灣新寧道8號中國太平大廈2期14樓"|"173000"|"183000"|20|"20170316162147"|"AA00061"|"* To be confirmed"
130|"RADLEY COLLEGE INTERVIEW (29 MARCH 2017)"|"20170329"|"20170329"|"INTERVIEW VENUE: 14/F, China Taiping Tower Phase II, 8 Sunning Road, Causeway Bay, Hong Kong
面試地點：香港銅鑼灣新寧道8號中國太平大廈2期14樓"|"140000"|"163000"|30|"20170327155504"|"AA00007"|"* to be confirmed"
142|"TAUNTON SCHOOL PATRON'S PROGRAMME - INDIVIDUAL INTERVIEW (18 MARCH 2018)"|"20180318"|"20180318"|"INTERVIEW VENUE: 14/F, China Taiping Tower Phase II, 8 Sunning Road, Causeway Bay, Hong Kong
面試地點：香港銅鑼灣新寧道8號中國太平大廈2期14樓"|"133000"|"170000"|20|"20180317103346"|"AA00075"|""
132|"WYMONDHAM COLLEGE INTERVIEW (25-27 OCT 2017)"|"20171025"|"20171027"|"INTERVIEW VENUE: 14/F, China Taiping Tower Phase II, 8 Sunning Road, Causeway Bay, Hong Kong
面試地點：香港銅鑼灣新寧道8號中國太平大廈2期14樓"|"140000"|"190000"|20|"20171017213548"|""|"*To be confirmed"
137|"NORWICH SCHOOL INTERVIEW (18 OCT 2017)"|"20171018"|"20171018"|"INTERVIEW VENUE: 14/F, China Taiping Tower Phase II, 8 Sunning Road, Causeway Bay, Hong Kong
面試地點：香港銅鑼灣新寧道8號中國太平大廈2期14樓"|"160000"|"181500"|15|"20171007105156"|"AA00061"|"* To be confirmed"
134|"LEYS SCHOOL INTERVIEW (19 OCT 2017)"|"20171019"|"20171019"|"INTERVIEW VENUE: 14/F, China Taiping Tower Phase II, 8 Sunning Road, Causeway Bay, Hong Kong
面試地點：香港銅鑼灣新寧道8號中國太平大廈2期14樓"|"170000"|"190000"|20|"20170911105139"|"AA00061"|"* to be confirmed"
139|"HARROW SCHOOL - SECOND INTERVIEW (22 OCT 2017 Sunday)"|"20171022"|"20171022"|"INTERVIEW VENUE: 14/F, China Taiping Tower Phase II, 8 Sunning Road, Causeway Bay, Hong Kong
面試地點：香港銅鑼灣新寧道8號中國太平大廈2期14樓"|"090000"|"200000"|20|"20171018100315"|"AA00007"|"We would suggest the interviewee to arrive at the interview venue 5-10 minutes before the actual interview time to get prepared.
The interview lasts for around 20 mins."
147|"MILLFIELD SCHOOL INTERVIEW (19 SEP 2018)"|"20180919"|"20180919"|"INTERVIEW VENUE: 14/F, China Taiping Tower Phase II, 8 Sunning Road, Causeway Bay, Hong Kong
面試地點：香港銅鑼灣新寧道8號中國太平大廈2期14樓"|"180000"|"193000"|30|"20180831191737"|"AA00061"|"*To be confirmed"
135|"MILLFIELD SCHOOL INTERVIEW (28 SEP 2017)"|"20170928"|"20170928"|"INTERVIEW VENUE: 14/F, China Taiping Tower Phase II, 8 Sunning Road, Causeway Bay, Hong Kong
面試地點：香港銅鑼灣新寧道8號中國太平大廈2期14樓"|"170000"|"183000"|30|"20170912193745"|"AA00061"|"* To be confirmed"
140|"KENT COLLEGE, PEMBURY INTERVIEW (23 FEB 2018)"|"20180223"|"20180223"|"INTERVIEW VENUE: 14/F, China Taiping Tower Phase II, 8 Sunning Road, Causeway Bay, Hong Kong
面試地點：香港銅鑼灣新寧道8號中國太平大廈2期14樓"|"170000"|"183000"|20|"20180206164757"|"AA00061"|"*To be confirmed"
152|"FETTES COLLEGE INTERVIEW AND AUDTION"|"20181017"|"20181017"|"14/F, CHINA TAIPING TOWER PHASE II, 8 SUNNING ROAD, CAUSEWAY BAY, HONG KONG"|"110000"|"183000"|30|"20181010173810"|"AA00007"|""
146|"LEYS SCHOOL (THE) INTERVIEW (29 OCT 2018)"|"20181029"|"20181029"|"INTERVIEW VENUE: 14/F, China Taiping Tower Phase II, 8 Sunning Road, Causeway Bay, Hong Kong
面試地點：香港銅鑼灣新寧道8號中國太平大廈2期14樓"|"163000"|"175000"|20|"20181231103953"|"AA00079"|"* To be confirmed"
145|"WHITE HOUSE GUARDIANSHIPS MEETING (7 JUL 2018)"|"20180707"|"20180707"|"MEETING VENUE: 14/F, China Taiping Tower Phase II, 8 Sunning Road, Causeway Bay, Hong Kong
面試地點：香港銅鑼灣新寧道8號中國太平大廈2期14樓"|"094000"|"183000"|20|"20180609175050"|"AA00061"|"N/A"
141|"RADLEY COLLEGE INTERVIEW (28 MARCH 2018)"|"20180328"|"20180328"|"INTERVIEW VENUE: 14/F, China Taiping Tower Phase II, 8 Sunning Road, Causeway Bay, Hong Kong
面試地點：香港銅鑼灣新寧道8號中國太平大廈2期14樓"|"150000"|"163000"|30|"20180308164848"|"AA00061"|"* To be confirmed"
136|"HEADINGTON SCHOOL - 2ND INTERVIEW (SEP 2018 ENTRY)"|"20171004"|"20180228"|"INTERVIEW VENUE: Island Shangri-La Hotel - Pacific Place, Supreme Court Road, Central, Hong Kong
面試地點：港島香格里拉酒店 - 香港中區法院道太古廣場"|"101500"|"131500"|60|"20171003232741"|"AA00061"|"* as scheduled"
138|"WELLS CATHERDRAL SCHOOL (16 OCT 2017)"|"20171016"|"20171016"|"INTERVIEW VENUE: 14/F, China Taiping Tower Phase II, 8 Sunning Road, Causeway Bay, Hong Kong
面試地點：香港銅鑼灣新寧道8號中國太平大廈2期14樓"|"160000"|"183000"|20|"20171014182904"|"AA00061"|"*To be confirmed"
155|"ROYAL RUSSELL SCHOOL INTERVIEW (2 March 2019)"|"20190302"|"20190302"|"INTERVIEW VENUE: 14/F, China Taiping Tower Phase II, 8 Sunning Road, Causeway Bay, Hong Kong
面試地點：香港銅鑼灣新寧道8號中國太平大廈2期14樓"|"110000"|"180000"|30|"20190122123049"|"AA00079"|"* TBC"
148|"WYMONDHAM COLLEGE INTERVIEW(18 OCT 2018)"|"20181018"|"20181018"|"INTERVIEW VENUE: 14/F China Taiping Tower Phase II, 8 Sunning Road, Causeway Bay, Hong Kong.
面試地點: 香港銅鑼灣新寧道8號中國太平大廈2期14樓"|"150000"|"173000"|20|"20180928105746"|"AA00075"|"*To be confirmed"
143|"TAUNTON SCHOOL PATRON'S PROGRAMME - INTERVIEW WITH HEADMASTER (21 MARCH 2018)"|"20180321"|"20180321"|"INTERVIEW VENUE: 14/F, China Taiping Tower Phase II, 8 Sunning Road, Causeway Bay, Hong Kong
面試地點：香港銅鑼灣新寧道8號中國太平大廈2期14樓"|"162500"|"173500"|25|"20180319114006"|"AA00075"|"*To be confirmed"
154|"Royal Russell School Interview (27 OCT 2018)"|"20181026"|"20181027"|"INTERVIEW VENUE: 14/F, China Taiping Tower Phase II, 8 Sunning Road, Causeway Bay, Hong Kong
面試地點：香港銅鑼灣新寧道8號中國太平大廈2期14樓"|"110000"|"173000"|30|"20181024004014"|"AA00007"|"* To be confirmed"
153|"HARROW SCHOOL - SECOND INTERVIEW (20-21 OCT 2018 Sat-Sun)"|"20181020"|"20181021"|"INTERVIEW VENUE: Academic Asia Office, 14/F, China Taiping Tower Phase II, 8 Sunning Road, Causeway Bay, Hong Kong
面試地點：香港銅鑼灣新寧道8號中國太平大廈2期14樓"|"090000"|"200000"|20|"20181017214751"|""|"Please arrive at our office around 5-10 minutes before the actual interview time to get prepared.
The interview lasts for around 20 mins.
Best of luck to you!"
161|"HARROW SCHOOL - SECOND INTERVIEW (26-27 OCT 2019 Sat-Sun)"|"20191026"|"20191027"|"INTERVIEW VENUE: Academic Asia Office, 14/F, China Taiping Tower Phase II, 8 Sunning Road, Causeway Bay, Hong Kong
面試地點：香港銅鑼灣新寧道8號中國太平大廈2期14樓"|"082000"|"200000"|20|"20191020212728"|""|"Please arrive at our office around 5-10 minutes before the actual interview time to get prepared.
The interview lasts for around 20 mins.
Best of luck to you!"
149|"SHERBORNE GIRLS INTERVIEW (13 OCT 2018)"|"20181013"|"20181013"|"INTERVIEW VENUE: 14/F, China Taiping Tower Phase II, 8 Sunning Road, Causeway Bay, Hong Kong
面試地點：香港銅鑼灣新寧道8號中國太平大廈2期14樓"|"140000"|"170000"|20|"20180928131117"|"AA00075"|"*To be confirmed"
150|"KINGSWOOD SCHOOL INTERVIEW (24 OCT 2018)"|"20181024"|"20181024"|"INTERVIEW VENUE: 14/F, China Taiping Tower Phase II, 8 Sunning Road, Causeway Bay, Hong Kong
面試地點：香港銅鑼灣新寧道8號中國太平大廈2期14樓"|"160000"|"190000"|20|"20181002153631"|"AA00075"|"*To be confirmed"
151|"HEADINGTON SCHOOL - 2ND INTERVIEW (SEP 2019 ENTRY)"|"20181008"|"20190228"|"INTERVIEW VENUE: Island Shangri-La Hotel - Pacific Place, Supreme Court Road, Central, Hong Kong
面試地點：港島香格里拉酒店 - 香港中區法院道太古廣場"|"101500"|"131500"|60|"20181004094210"|"AA00075"|"* as scheduled"
158|"WHITE HOUSE GUARDIANSHIPS MEETING (6 JUL 2019)"|"20190706"|"20190706"|"MEETING VENUE: 14/F, China Taiping Tower Phase II, 8 Sunning Road, Causeway Bay, Hong Kong
面試地點：香港銅鑼灣新寧道8號中國太平大廈2期14樓"|"100000"|"183000"|20|"20190517154032"|"AA00079"|"N/A"
159|"HANDCROSS PARK SCHOOL (19 SEP 2019)"|"20190919"|"20190919"|"INTERVIEW VENUE: 14/F, China Taiping Tower Phase II, 8 Sunning Road, Causeway Bay, Hong Kong
面試地點：香港銅鑼灣新寧道8號中國太平大廈2期14樓"|"103000"|"130000"|30|"20190913102117"|"AA00079"|"* To Be Confirmed"
162|"Royal Russell School Interview (26 OCT 2019)"|"20191026"|"20191026"|"INTERVIEW VENUE: 14/F, China Taiping Tower Phase II, 8 Sunning Road, Causeway Bay, Hong Kong
面試地點：香港銅鑼灣新寧道8號中國太平大廈2期14樓"|"100000"|"180000"|20|"20191024095701"|"AA00079"|"* To be confirmed"
156|"QUEST GUARDIANSHIPS MEETING (29 MARCH 2019)"|"20190329"|"20190329"|"MEETING VENUE: 14/F, China Taiping Tower Phase II, 8 Sunning Road, Causeway Bay, Hong Kong
面試地點：香港銅鑼灣新寧道8號中國太平大廈2期14樓"|"180000"|"200000"|60|"20190312160916"|"AA00079"|""
160|"Kingswood School (14 Oct 2019)"|"20191014"|"20191014"|"INTERVIEW VENUE: 14/F, China Taiping Tower Phase II, 8 Sunning Road, Causeway Bay, Hong Kong
面試地點：香港銅鑼灣新寧道8號中國太平大廈2期14樓"|"153000"|"180000"|10|"20191011124313"|"AA00079"|"* To Be Confirmed"
163|"King's School Canterbury International College Interview (6 DEC 2019)"|"20191206"|"20191206"|"INTERVIEW VENUE: 14/F, China Taiping Tower Phase II, 8 Sunning Road, Causeway Bay, Hong Kong
面試地點：香港銅鑼灣新寧道8號中國太平大廈2期14樓"|"103000"|"183000"|30|"20191204123409"|"AA00079"|"* To be confirmed"
164|"CHARTERHOUSE INTERVIEW (14 DEC 2019)"|"20191214"|"20191214"|"INTERIVEW VENUE: 14/F, China Taiping Tower Phase II, 8 Sunning Road, Causeway Bay, Hong Kong
面試地點：香港銅鑼灣新寧道8號中國太平大廈2期14樓"|"143000"|"163000"|30|"20191212010358"|"AA00007"|""
165|"WHITE HOUSE GUARDIANSHIPS ONLINE SKYPE MEETING (16-20 Mar 2020)"|"20200316"|"20200320"|"ONLINE SKYPE MEETING

WHG Skype ID: whg-will"|"170000"|"230000"|20|"20200314122415"|"AA00079"|""
166|"Tonbridge Online Skype Interview (4 MAY 2020)"|"20200504"|"20200504"|"INTERIVEW VENUE: 14/F, China Taiping Tower Phase II, 8 Sunning Road, Causeway Bay, Hong Kong
面試地點：香港銅鑼灣新寧道8號中國太平大廈2期14樓"|"185500"|"213000"|15|"20200502103443"|"AA00098"|"Please arrive at our office around 5-10 minutes before the actual interview time to get prepared.
The interview lasts for around 10 mins.
Best of luck to you!"
172|"HARROW SCHOOL - SECOND INTERVIEW- Year 12  (3 Nov 2020)"|"20201103"|"20201103"|"INTERVIEW VENUE: Academic Asia Office, 14/F, China Taiping Tower Phase II, 8 Sunning Road, Causeway Bay, Hong Kong
面試地點：香港銅鑼灣新寧道8號中國太平大廈2期14樓"|"164000"|"192000"|20|"20201027221951"|"AA00007"|"Please arrive at our office around 5-10 minutes before the actual interview time to get prepared.
The interview lasts for around 40 mins.
The first 20 mins will be conducted by Dr Philippa Davies, Awards and Sixth Form Registrar, the second 20 mins will be conducted by Dr Eric Sie, Registrar.
Best of luck to you!"
168|"HANDCROSS PARK SCHOOL (21 SEP 2020)"|"20200921"|"20200921"|"INTERVIEW VENUE: 14/F, China Taiping Tower Phase II, 8 Sunning Road, Causeway Bay, Hong Kong
面試地點：香港銅鑼灣新寧道8號中國太平大廈2期14樓"|"170000"|"182000"|20|"20200919194849"|"AA00082"|"* To Be Confirmed"
169|"TONBRIDGE SCHOOL INTERVIEW (29 SEPT 2020)"|"20200929"|"20200929"|"INTERVIEW VENUE: 14/F, China Taiping Tower Phase II, 8 Sunning Road, Causeway Bay, Hong Kong
香港銅鑼灣新寧道8號中國太平大廈2期14樓"|"160000"|"194000"|20|"20200928195144"|"AA00007"|"Please arrive at our office around 5-10 minutes before the actual interview time to get prepared.
The interview lasts for around 15-20 mins.
Best of luck to you!"
170|"WHITGIFT SCHOOL INTERVIEW (28 - 29 OCT 2020)"|"20201028"|"20201029"|"INTERVIEW VENUE: Academic Asia Office, 14/F, China Taiping Tower Phase II, 8 Sunning Road, Causeway Bay, Hong Kong
面試地點：香港銅鑼灣新寧道8號中國太平大廈2期14樓"|"163000"|"223000"|15|"20201022155537"|"AA00098"|""
171|"HARROW SCHOOL - SECOND INTERVIEW- Year 9  (OCT 2020)"|"20201027"|"20201103"|"INTERVIEW VENUE: Academic Asia Office, 14/F, China Taiping Tower Phase II, 8 Sunning Road, Causeway Bay, Hong Kong
面試地點：香港銅鑼灣新寧道8號中國太平大廈2期14樓"|"164000"|"212000"|20|"20201025102247"|""|"Please arrive at our office around 5-10 minutes before the actual interview time to get prepared.
The interview lasts for around 20 mins.
Best of luck to you!"
192|"Sherborne Girls Individual Interview (11 Oct 2023)"|"20231011"|"20231011"|"14/F, China Taiping Tower Phase II, 8 Sunning Road, Causeway Bay, Hong Kong
香港銅鑼灣新寧道8號中國太平大廈2期14樓"|"170000"|"183000"|20|"20231009151611"|"AA00098"|"."
173|"WHITGIFT SCHOOL INTERVIEW (11 NOV 2020)"|"20201111"|"20201111"|"INTERVIEW VENUE: Academic Asia Office, 14/F, China Taiping Tower Phase II, 8 Sunning Road, Causeway Bay, Hong Kong
面試地點：香港銅鑼灣新寧道8號中國太平大廈2期14樓"|"163000"|"183000"|15|"20201106173155"|"AA00098"|"Please arrive at our office around 5-10 minutes before the actual interview time to get prepared.
The interview lasts for around 15 mins.
Best of luck to you!"
174|"HARROW SCHOOL -  INTERVIEW- Year 9  (25 Nov 2020)"|"20201125"|"20201125"|"INTERVIEW VENUE: Academic Asia Office, 14/F, China Taiping Tower Phase II, 8 Sunning Road, Causeway Bay, Hong Kong
面試地點：香港銅鑼灣新寧道8號中國太平大廈2期14樓"|"173000"|"174500"|15|"20201121094909"|"AA00098"|"Please arrive at our office around 5-10 minutes before the actual interview time to get prepared.
Best of luck to you!"
175|"WHITGIFT SCHOOL INTERVIEW (25 NOV 2020)"|"20201125"|"20201125"|"INTERVIEW VENUE: Academic Asia Office, 14/F, China Taiping Tower Phase II, 8 Sunning Road, Causeway Bay, Hong Kong
面試地點：香港銅鑼灣新寧道8號中國太平大廈2期14樓"|"181500"|"190000"|15|"20201123181012"|"AA00098"|"Please arrive at our office around 5-10 minutes before the actual interview time to get prepared.
The interview lasts for around 15 mins.
Best of luck to you!"
179|"CHARTERHOUSE INTERVIEW – YEAR 9 SEP2022"|"20211206"|"20211206"|"INTERVIEW VENUE: Academic Asia Office, 14/F, China Taiping Tower Phase II, 8 Sunning Road, Causeway Bay, Hong Kong
面試地點：香港銅鑼灣新寧道8號中國太平大廈2期14樓"|"183000"|"200000"|15|"20211204103053"|"AA00079"|"Please arrive at our office around 5-10 minutes before the actual interview time to get prepared.

Best of luck to you!"
178|"HARROW SCHOOL - YEAR 9  SECOND INTERVIEW (5-6 NOV 2021)"|"20211105"|"20211106"|"INTERVIEW VENUE: Academic Asia Office, 14/F, China Taiping Tower Phase II, 8 Sunning Road, Causeway Bay, Hong Kong
面試地點：香港銅鑼灣新寧道8號中國太平大廈2期14樓"|"160000"|"180000"|20|"20211030165651"|"AA00007"|"Please arrive at our office around 5-10 minutes before the actual interview time to get prepared.
The interview lasts for around 20 mins.
Best of luck to you!"
177|"HARROW SCHOOL – YEAR 12 SEP2022 SECOND INTERVIEW-16 NOV 2021"|"20211116"|"20211116"|"INTERVIEW VENUE: Academic Asia Office, 14/F, China Taiping Tower Phase II, 8 Sunning Road, Causeway Bay, Hong Kong
面試地點：香港銅鑼灣新寧道8號中國太平大廈2期14樓"|"163000"|"183000"|20|"20211105104621"|"AA00007"|"Please arrive at our office around 5-10 minutes before the actual interview time to get prepared.

Best of luck to you!"
176|"HARROW SCHOOL-YEAR 9 SEP2023 SECOND INTERVIEW 30 & 31 OCT 2021"|"20211030"|"20211031"|"INTERVIEW VENUE: Academic Asia Office, 14/F, China Taiping Tower Phase II, 8 Sunning Road, Causeway Bay, Hong Kong
面試地點：香港銅鑼灣新寧道8號中國太平大廈2期14樓"|"160000"|"220000"|20|"20211027110226"|"AA00007"|"Please arrive at our office around 5-10 minutes before the actual interview time to get prepared.
The interview lasts for around 20 mins.
Best of luck to you!"
180|"WHITGIFT SCHOOL INTERVIEW (4 OCT 2022)"|"20221004"|"20221004"|"Zoom Meeting"|"130000"|"210000"|15|"20220930122005"|"AA00079"|"The interview lasts for around 15 mins.
Best of luck to you!"
181|"Cardiff Sixth Form College Interview (20 OCT 2022)"|"20221020"|"20221020"|"INTERVIEW VENUE: Academic Asia Office, 14/F, China Taiping Tower Phase II, 8 Sunning Road, Causeway Bay, Hong Kong
面試地點：香港銅鑼灣新寧道8號中國太平大廈2期14樓"|"163000"|"210000"|20|"20221005151508"|"AA00079"|""
184|"Handcross Park School Interview (3 Mar 2023)"|"20230303"|"20230303"|"INTERVIEW VENUE: Academic Asia Office, 14/F, China Taiping Tower Phase II, 8 Sunning Road, Causeway Bay, Hong Kong
面試地點：香港銅鑼灣新寧道8號中國太平大廈2期14樓"|"160000"|"181000"|20|"20230227111040"|"AA00079"|""
182|"HARROW SCHOOL-YEAR 9 SECOND INTERVIEW 29 & 30 OCT 2022"|"20221029"|"20221030"|"INTERVIEW VENUE: Academic Asia Office, 14/F, China Taiping Tower Phase II, 8 Sunning Road, Causeway Bay, Hong Kong
面試地點：香港銅鑼灣新寧道8號中國太平大廈2期14樓"|"150000"|"215500"|10|"20221026193739"|"AA00007"|"Please arrive at our office around 5-10 minutes before the actual interview time to get prepared.
The interview lasts for around 20 mins.
Best of luck to you!"
187|"Roedean School Individual Interview (27 Oct 2023)"|"20231027"|"20231027"|"14/F, China Taiping Tower Phase II, 8 Sunning Road, Causeway Bay, Hong Kong
香港銅鑼灣新寧道8號中國太平大廈2期14樓"|"160000"|"173000"|20|"20230919120134"|"AA00098"|""
183|"TONBRIDGE SCHOOL Y9 Sep2025 - Stage 2 Assessment on 14 January 2023"|"20230114"|"20230114"|"Confucius Hall Secondary School, 77 Caroline Hill Road, Causeway Bay, Hong Kong"|"000000"|"235500"|5|"20230109193637"|""|""
189|"St. Edwards School Oxford Individual Interview (11 Oct 2023)"|"20231011"|"20231011"|"14/F, China Taiping Tower Phase II, 8 Sunning Road, Causeway Bay, Hong Kong."|"150000"|"180000"|20|"20231005003043"|"AA00007"|""
185|"WHITE HOUSE GUARDIANSHIPS MEETING (8 JUL 2023)"|"20230708"|"20230708"|"Meeting Room, 18/F, V-Point, 18 Tang Lung Street, Causeway Bay, Hong Kong"|"103000"|"170000"|20|"20230705125830"|"AA00079"|""
186|"The Leys School Individual Meeting (13 Jul 2023)"|"20230713"|"20230713"|"Meeting Room, 18/F, V-Point, 18 Tang Lung Street, Causeway Bay, Hong Kong"|"153000"|"174000"|20|"20230711101541"|"AA00079"|""
205|"Cardiff Sixth Form College Seminar (3 Aug 2024)"|"20240803"|"20240803"|"Meeting Room, 18/F, V-Point, 18 Tang Lung Street, Causeway Bay, Hong Kong"|"150000"|"190000"|5|"20240801105311"|"AA00098"|"."
200|"Bromsgrove School_Individual interview (19 Feb 2024)"|"20240219"|"20240219"|"14/F, China Taiping Tower Phase II, 8 Sunning Road, Causeway Bay, Hong Kong
香港銅鑼灣新寧道8號中國太平大廈2期14樓"|"100000"|"180000"|30|"20240215165410"|"AA00098"|"Please arrive at our office approximately 5-10 minutes prior to your scheduled interview time for your preparations. 
The interview is expected to last around 15 minutes. Wishing you the best of luck!"
190|"Dean Close School Individual Interview (16 Oct 2023)"|"20231016"|"20231016"|"14/F, China Taiping Tower Phase II, 8 Sunning Road, Causeway Bay, Hong Kong
香港銅鑼灣新寧道8號中國太平大廈2期14樓"|"170000"|"173000"|20|"20231005153732"|"AA00098"|""
188|"Mayfield School Individual Interview (23 Oct 2023)"|"20231023"|"20231023"|"14/F, China Taiping Tower Phase II, 8 Sunning Road, Causeway Bay, Hong Kong
香港銅鑼灣新寧道8號中國太平大廈2期14樓"|"140000"|"180000"|20|"20230928110706"|"AA00098"|""
193|"Monkton Combe School Individual interview (24 Oct 2023)"|"20231024"|"20231024"|"14/F, China Taiping Tower Phase II, 8 Sunning Road, Causeway Bay, Hong Kong
香港銅鑼灣新寧道8號中國太平大廈2期14樓"|"123000"|"130000"|20|"20231012122112"|"AA00098"|""
202|"Concord College_Individual Interview (19 March 2024)"|"20240319"|"20240319"|"14/F, China Taiping Tower Phase II, 8 Sunning Road, Causeway Bay, Hong Kong
香港銅鑼灣新寧道8號中國太平大廈2期14樓"|"153000"|"173000"|20|"20240305111754"|"AA00098"|"Please arrive at our office approximately 5-10 minutes prior to your scheduled interview time for your preparations. 
The interview is expected to last around 15 minutes. Wishing you the best of luck!"
204|"Concord College_Individual Interview (29 Jun 2024)"|"20240629"|"20240629"|"Meeting Room, 18/F, V-Point, 18 Tang Lung Street, Causeway Bay, Hong Kong"|"090000"|"180000"|20|"20240621124721"|"AA00098"|""
197|"HARROW SCHOOL_YEAR 12 SECOND INTERVIEW (15 NOV 2023)"|"20231115"|"20231115"|"14/F, China Taiping Tower Phase II, 8 Sunning Road, Causeway Bay, Hong Kong
香港銅鑼灣新寧道8號中國太平大廈2期14樓"|"180000"|"200000"|25|"20231113105008"|"AA00098"|"Please arrive at our office approximately 5-10 minutes prior to your scheduled interview time for your preparations. 
The interview will be conducted online and is expected to last around 20 minutes. Wishing you the best of luck!"
191|"Cheltenham College Interview (22 October 2023 Sunday)"|"20231022"|"20231022"|"Interview/Meeting Venue: Sheraton Hong Kong Hotel and Towers, 20 Nathan Road, Kowloon. 尖沙咀彌敦道20號香港喜来登酒店"|"140000"|"154000"|20|"20231007172058"|"AA00007"|"Please note:
The Interviewer:
Mr Simon Conner, Director of Admissions (College) and Registrar

Mr Conner will greet you and your family in the Main Reception of Sheraton Hong Kong Hotel. Enjoy your interview!"
199|"Badminton School_Individual interview (14 Feb 2024)"|"20240214"|"20240214"|"14/F, China Taiping Tower Phase II, 8 Sunning Road, Causeway Bay, Hong Kong
香港銅鑼灣新寧道8號中國太平大廈2期14樓"|"160000"|"190000"|30|"20240214102010"|"AA00098"|"Please arrive at our office approximately 5-10 minutes prior to your scheduled interview time for your preparations. 
The interview is expected to last around 20 minutes. Wishing you the best of luck!"
195|"HARROW SCHOOL_YEAR 9 SECOND INTERVIEW 30 - 31 OCT 2023"|"20231030"|"20231031"|"14/F, China Taiping Tower Phase II, 8 Sunning Road, Causeway Bay, Hong Kong
香港銅鑼灣新寧道8號中國太平大廈2期14樓"|"163000"|"213000"|20|"20231027185137"|""|"Please arrive at our office approximately 5-10 minutes prior to your scheduled interview time for your preparations. 
The interview will be conducted online and is expected to last around 20 minutes. Wishing you the best of luck!"
201|"Cardiff Sixth Form College_Individual Interview (22 Feb 2024)"|"20240222"|"20240222"|"14/F, China Taiping Tower Phase II, 8 Sunning Road, Causeway Bay, Hong Kong
香港銅鑼灣新寧道8號中國太平大廈2期14樓"|"173000"|"193000"|20|"20240221154016"|"AA00098"|"Please arrive at our office approximately 5-10 minutes prior to your scheduled interview time for your preparations. 
The interview is expected to last around 15 minutes. Wishing you the best of luck!"
194|"Rugby School Individual interview (1 Nov 2023)"|"20231101"|"20231101"|"14/F, China Taiping Tower Phase II, 8 Sunning Road, Causeway Bay, Hong Kong
香港銅鑼灣新寧道8號中國太平大廈2期14樓"|"160000"|"184000"|20|"20231030152004"|"AA00098"|"Please arrive at our office around 5-10 minutes before the actual interview time to get prepared.
The interview lasts for around 20 mins.
Best of luck to you!"
196|"Rugby School Music Audition (1 Nov 2023)"|"20231101"|"20231101"|"Audition Venue: 14/F, China Taiping Tower Phase II, 8 Sunning Road, Causeway Bay, Hong Kong
香港銅鑼灣新寧道8號中國太平大廈2期14樓"|"160000"|"180000"|30|"20231030191116"|"AA00098"|""
206|"Woldingham School_Individual interview (15 Oct 2024)"|"20241015"|"20241015"|"Academic Asia Office, 14/F, China Taiping Tower Phase II, 8 Sunning Road, Causeway Bay, Hong Kong"|"170000"|"180000"|15|"20240810112613"|"AA00098"|"Please arrive at our office approximately 5-10 minutes prior to your scheduled interview time for your preparations. 
The interview is expected to last around 10-15 minutes. Wishing you the best of luck!"
203|"Harrow School - Meeting with Mr David Woodcock (Director of Music)"|"20240704"|"20240704"|"Academic Asia Office, 14/F, China Taiping Tower Phase II, 8 Sunning Road, Causeway Bay, Hong Kong"|"143000"|"180000"|30|"20240617220937"|"AA00007"|"Mr. Woodcock is happy to hear your son play. Please bring his instrument and favourite pieces to share with him. Kindly note that this is not a formal audition."
198|"King’s College Taunton Individual Interview (2 Dec 2023)"|"20231202"|"20231202"|"28/F, Five Pacific Place, 28 Hennessy Rd, Wan Chai, Hong Kong
香港灣仔太古廣場5座28樓"|"113000"|"130000"|15|"20231128120553"|"AA00098"|"The interview is expected to last around 10-15 minutes. Wishing you the best of luck!"
207|"Badminton School_Individual interview/Meeting (28 Feb 2025)"|"20250228"|"20250228"|"Interview/Meeting Venue: 14/F, China Taiping Tower Phase II, 8 Sunning Road, Causeway Bay, Hong Kong"|"160000"|"183000"|15|"20250227221051"|"AA00007"|"Please arrive at our office approximately 5-10 minutes prior to your scheduled interview time for your preparations. 
The interview is expected to last around 10-15 minutes and the school representative will meet with parents for Q&A.
Wishing you the best of luck!"
208|"Badminton School_Individual interview/Meeting (1 March 2025)"|"20250301"|"20250301"|"Interview/Meeting Venue: 14/F, China Taiping Tower Phase II, 8 Sunning Road, Causeway Bay, Hong Kong"|"103000"|"123000"|15|"20250227221110"|"AA00007"|"Please arrive at our office approximately 5-10 minutes prior to your scheduled interview time for your preparations. 
The interview is expected to last around 10-15 minutes and the school representative will meet with parents for Q&A.
Wishing you the best of luck!"
209|"Harrow School_Meeting with Mr Woodcock (1 April 2025)"|"20250401"|"20250401"|"Audition Venue: Recital Theatre, 6/F, China Congregational Church, 119 Leighton Rd, Causeway Bay
香港銅鑼灣禮頓道119號公理堂大樓6樓演奏廳"|"160000"|"173000"|30|"20250322122410"|"AA00098"|"Please arrive at our venue approximately 10 minutes prior to your scheduled meeting time for your preparations. 
The music auditions duration is around 30 mins. 
Wishing you the best of luck!"
210|"Cardiff Sixth Form College Seminar (9 May 2025)"|"20250509"|"20250509"|"."|"180000"|"190000"|5|"20250513165318"|"AA00136"|"Discount reg fee: HKD600"
