"musicaudition_id"|"school_id"|"lastupdate"|"staffid"|"remarks"|"confirmed"|"schoolconfirmed"|"applicationdeadline"|"applicationdeadlineremarks"|"regfee"|"payableto"
5|4|"20120630224021"|""|""|"N"|"0"|"20120630"|""|""|"                                                                                                                                                                                                                                                          "
5|6|"20120630224047"|""|""|"N"|"0"|"20120630"|""|""|"                                                                                                                                                                                                                                                          "
5|7|"20120630224117"|""|""|"N"|"0"|"20120630"|""|""|"                                                                                                                                                                                                                                                          "
5|533|"20120630224137"|""|""|"N"|"0"|"20120630"|""|""|"                                                                                                                                                                                                                                                          "
5|11|"20120630224150"|""|""|"N"|"0"|"20120630"|""|""|"                                                                                                                                                                                                                                                          "
5|13|"20120630224221"|""|""|"N"|"0"|"20120630"|""|""|"                                                                                                                                                                                                                                                          "
5|22|"20120630224240"|""|""|"N"|"0"|"20120630"|""|""|"                                                                                                                                                                                                                                                          "
5|12|"20120630224250"|""|""|"N"|"0"|"20120630"|""|""|"                                                                                                                                                                                                                                                          "
6|4|"20130926192523"|""|"* Enclosed please find the Music Scholarship Note and Entry Form, if you are interested in applying for music scholarship, please complete the Music Entry Form and return to Academic Asia with the Reg Form and Fee."|"N"|"0"|""|""|""|"                                                                                                                                                                                                                                                          "
6|6|"20130703190132"|"AA00003"|""|"N"|"0"|""|""|""|"                                                                                                                                                                                                                                                          "
6|7|"20130926193520"|""|"* Enclosed please find the Music Scholarship Application Form, if you are interested in applying for music scholarship, please complete the Form and return to Academic Asia with the Reg Form and Fee."|"N"|"0"|""|""|""|"                                                                                                                                                                                                                                                          "
6|22|"20130926193921"|""|"* Enclosed please find the Music Scholarship Application Form, if you are interested in applying for music scholarship, please complete the Form and return to Academic Asia with the Reg Form and Fee."|"N"|"0"|""|""|""|"                                                                                                                                                                                                                                                          "
6|12|"20130926194036"|""|"* There is no need to complete any music scholarship form."|"N"|"0"|""|""|""|"                                                                                                                                                                                                                                                          "
6|13|"20130926194038"|""|"* There is no need to complete any music scholarship form."|"N"|"0"|""|""|""|"                                                                                                                                                                                                                                                          "
6|11|"20130927115935"|"AA00002"|"* Enclosed please find the Music Scholarship Application Form and Guidance Notes (For Year 9 only), if you are interested in applying for music scholarship, please complete the Form and return to Academic Asia with the Reg Form and Fee."|"N"|"0"|""|""|""|"                                                                                                                                                                                                                                                          "
6|533|"20130927152737"|"AA00007"|"* If you are interested in applying for music scholarship, please complete the Music Scholarship Application Form and return to Academic Asia with the Reg Form and Fee. 

Please note the Music Scholarship Application Form for Y12 is not available at the moment. The Form will be ready in a few days time, please login to check and download the form for completion in a few days time. Thank you."|"N"|"0"|""|""|""|"                                                                                                                                                                                                                                                          "
7|4|"20140626222002"|"AA00003"|""|"N"|"0"|""|""|""|"                                                                                                                                                                                                                                                          "
7|6|"20140626222032"|"AA00003"|""|"N"|"0"|""|""|""|"                                                                                                                                                                                                                                                          "
7|7|"20140626222040"|"AA00003"|""|"N"|"0"|""|""|""|"                                                                                                                                                                                                                                                          "
7|533|"20140626222053"|"AA00003"|""|"N"|"0"|""|""|""|"                                                                                                                                                                                                                                                          "
7|9|"20140626222102"|"AA00003"|""|"N"|"0"|""|""|""|"                                                                                                                                                                                                                                                          "
7|11|"20140626222109"|"AA00003"|""|"N"|"0"|""|""|""|"                                                                                                                                                                                                                                                          "
7|12|"20140626222116"|"AA00003"|""|"N"|"0"|""|""|""|"                                                                                                                                                                                                                                                          "
7|13|"20140626222124"|"AA00003"|""|"N"|"0"|""|""|""|"                                                                                                                                                                                                                                                          "
8|4|"20150702222410"|""|""|"N"|"0"|""|""|""|"                                                                                                                                                                                                                                                          "
8|6|"20150702222426"|""|""|"N"|"0"|""|""|""|"                                                                                                                                                                                                                                                          "
8|7|"20150702222436"|""|""|"N"|"0"|""|""|""|"                                                                                                                                                                                                                                                          "
8|533|"20150702222449"|""|""|"N"|"0"|""|""|""|"                                                                                                                                                                                                                                                          "
8|9|"20150702222502"|""|""|"N"|"0"|""|""|""|"                                                                                                                                                                                                                                                          "
8|11|"20150702222508"|""|""|"N"|"0"|""|""|""|"                                                                                                                                                                                                                                                          "
8|12|"20150702222515"|""|""|"N"|"0"|""|""|""|"                                                                                                                                                                                                                                                          "
8|21|"20150808112732"|"AA00007"|""|"N"|"0"|""|""|""|"                                                                                                                                                                                                                                                          "
9|4|"20160626175002"|"AA00007"|""|"N"|"0"|""|""|""|"                                                                                                                                                                                                                                                          "
9|6|"20160626175010"|"AA00007"|""|"N"|"0"|""|""|""|"                                                                                                                                                                                                                                                          "
9|533|"20160626175023"|"AA00007"|""|"N"|"0"|""|""|""|"                                                                                                                                                                                                                                                          "
8|13|"20150702223140"|""|""|"N"|"0"|""|""|""|"                                                                                                                                                                                                                                                          "
9|11|"20160626175032"|"AA00007"|""|"N"|"0"|""|""|""|"                                                                                                                                                                                                                                                          "
9|12|"20160626175038"|"AA00007"|""|"N"|"0"|""|""|""|"                                                                                                                                                                                                                                                          "
9|13|"20160626175044"|"AA00007"|""|"N"|"0"|""|""|""|"                                                                                                                                                                                                                                                          "
9|7|"20160706114051"|""|""|"N"|"0"|""|""|""|"                                                                                                                                                                                                                                                          "
10|7|"20170929113608"|"AA00007"|"Applicants to Music Scholarship will be required to complete a music scholarship application form, the form is not available yet, once received, we will send to you right away."|"N"|"0"|""|""|""|"                                                                                                                                                                                                                                                          "
10|6|"20170726204018"|"AA00007"|""|"N"|"0"|""|""|""|"                                                                                                                                                                                                                                                          "
12|533|"20190926111018"|"AA00029"|"* Enclosed please find the Music Scholarship Gudiance Notes and Scholarship Application Form, if you are interested in applying for music scholarship, please complete the Music Scholarship Application Form and return to Academic Asia with the Reg Form and Fee."|"N"|"0"|""|""|""|"                                                                                                                                                                                                                                                          "
10|12|"20170726204031"|"AA00007"|""|"N"|"0"|""|""|""|"                                                                                                                                                                                                                                                          "
10|11|"20170929141859"|""|"Please see registration procedure."|"N"|"0"|""|""|""|"                                                                                                                                                                                                                                                          "
11|6|"20180306162202"|"AA00061"|""|"N"|"0"|""|""|""|"                                                                                                                                                                                                                                                          "
10|384|"20170726204059"|"AA00007"|""|"N"|"0"|""|""|""|"                                                                                                                                                                                                                                                          "
12|7|"20190926111029"|"AA00029"|"*Please see registration procedure."|"N"|"0"|""|""|""|"                                                                                                                                                                                                                                                          "
10|4|"20170928223031"|""|"* Enclosed please find the Music Scholarship Note and Scholarship Entry Form, if you are interested in applying for music scholarship, please complete the Music Scholarship Entry Form and return to Academic Asia with the Reg Form and Fee."|"N"|"0"|""|""|""|"                                                                                                                                                                                                                                                          "
10|533|"20170928223129"|""|"* Enclosed please find the Music Scholarship Note and Scholarship Entry Form, if you are interested in applying for music scholarship, please complete the Music Scholarship Entry Form and return to Academic Asia with the Reg Form and Fee."|"N"|"0"|""|""|""|"                                                                                                                                                                                                                                                          "
10|13|"20170928223220"|""|"* Enclosed please find the Music Scholarship Entry Form, if you are interested in applying for music scholarship, please complete the Music Scholarship Entry Form and return to Academic Asia with the Reg Form and Fee."|"N"|"0"|""|""|""|"                                                                                                                                                                                                                                                          "
11|384|"20180306162230"|"AA00061"|""|"N"|"0"|""|""|""|"                                                                                                                                                                                                                                                          "
11|12|"20180306162243"|"AA00061"|""|"N"|"0"|""|""|""|"                                                                                                                                                                                                                                                          "
11|4|"20180928155312"|""|"* Enclosed please find the Music Scholarship Note and Scholarship Entry Form, if you are interested in applying for music scholarship, please complete the Music Scholarship Entry Form and return to Academic Asia with the Reg Form and Fee."|"N"|"0"|""|""|""|"                                                                                                                                                                                                                                                          "
11|7|"20180928155354"|""|"Applicants to Music Scholarship will be required to complete a music scholarship application form, the form is not available yet, once received, we will send to you right away."|"N"|"0"|""|""|""|"                                                                                                                                                                                                                                                          "
11|533|"20180928155604"|""|"Regarding the music scholarship application form, we will send to you once we have received it."|"N"|"0"|""|""|""|"                                                                                                                                                                                                                                                          "
11|11|"20180928155628"|""|"Please see registration procedure."|"N"|"0"|""|""|""|"                                                                                                                                                                                                                                                          "
11|13|"20180928155750"|""|"Regarding the music scholarship application form, once we have received, we will send to you asap."|"N"|"0"|""|""|""|"                                                                                                                                                                                                                                                          "
12|6|"20190802234127"|""|""|"N"|"0"|""|""|""|"                                                                                                                                                                                                                                                          "
12|12|"20190926110253"|"AA00029"|"* Enclosed please find the Music Scholarship Form, if you are interested in applying for music scholarship, please complete the Music Scholarship Form and return to Academic Asia with the Reg Form and Fee."|"N"|"0"|""|""|""|"                                                                                                                                                                                                                                                          "
12|13|"20190926110520"|"AA00029"|"* Enclosed please find the Music Scholarship Information and Scholarship Application Form, if you are interested in applying for music scholarship, please complete the Music Scholarship Application Form and return to Academic Asia with the Reg Form and Fee."|"N"|"0"|""|""|""|"                                                                                                                                                                                                                                                          "
12|11|"20190926113704"|"AA00029"|"*Year 12 Music Scholarship Applicant- Please refer to the registration procedure.

*Year 9 Music Scholarship Applicant- Enclosed please find the Music Scholarship Form, if you are interested in applying for music scholarship, please complete the Music Scholarship Form and return to Academic Asia with the Reg Form and Fee."|"N"|"0"|""|""|""|"                                                                                                                                                                                                                                                          "
12|4|"20190926115155"|"AA00029"|"*Charterhouse will email the Music Scholarship Application details to you after registration. Please pay attention to school's email."|"N"|"0"|""|""|""|"                                                                                                                                                                                                                                                          "
13|6|"20200715154432"|"AA00079"|""|"N"|"0"|""|""|""|"                                                                                                                                                                                                                                                          "
13|21|"20200715154445"|"AA00079"|""|"N"|"0"|""|""|""|"                                                                                                                                                                                                                                                          "
13|9|"20200715154455"|"AA00079"|""|"N"|"0"|""|""|""|"                                                                                                                                                                                                                                                          "
13|7|"20200819154634"|"AA00079"|""|"N"|"0"|""|""|""|"                                                                                                                                                                                                                                                          "
13|11|"20200819154653"|"AA00079"|""|"N"|"0"|""|""|""|"                                                                                                                                                                                                                                                          "
13|12|"20200819154700"|"AA00079"|""|"N"|"0"|""|""|""|"                                                                                                                                                                                                                                                          "
13|22|"20200822103855"|"AA00079"|""|"N"|"0"|""|""|""|"                                                                                                                                                                                                                                                          "
13|13|"20200901182850"|"AA00079"|""|"N"|"0"|""|""|""|"                                                                                                                                                                                                                                                          "
13|4|"20200902112238"|"AA00079"|""|"N"|"0"|""|""|""|"                                                                                                                                                                                                                                                          "
13|533|"20200902112308"|"AA00079"|""|"N"|"0"|""|""|""|"                                                                                                                                                                                                                                                          "
13|384|"20200902112323"|"AA00079"|""|"N"|"0"|""|""|""|"                                                                                                                                                                                                                                                          "
15|12|"20201107130839"|"AA00061"|""|"N"|"0"|""|""|""|"                                                                                                                                                                                                                                                          "
15|13|"20201107151729"|"AA00061"|""|"N"|"0"|""|""|""|"                                                                                                                                                                                                                                                          "
14|7|"20210706143024"|"AA00061"|""|"N"|"0"|""|""|""|"                                                                                                                                                                                                                                                          "
14|6|"20210706143035"|"AA00061"|""|"N"|"0"|""|""|""|"                                                                                                                                                                                                                                                          "
14|11|"20210706143042"|"AA00061"|""|"N"|"0"|""|""|""|"                                                                                                                                                                                                                                                          "
14|2|"20210706143052"|"AA00061"|""|"N"|"0"|""|""|""|"                                                                                                                                                                                                                                                          "
14|12|"20210706143101"|"AA00061"|""|"N"|"0"|""|""|""|"                                                                                                                                                                                                                                                          "
16|2|"20220829100958"|"AA00079"|""|"N"|"0"|""|""|""|"                                                                                                                                                                                                                                                          "
14|9|"20210706143116"|"AA00061"|""|"N"|"0"|""|""|""|"                                                                                                                                                                                                                                                          "
14|22|"20210712144035"|"AA00061"|""|"N"|"0"|""|""|""|"                                                                                                                                                                                                                                                          "
14|533|"20210814101629"|"AA00079"|""|"N"|"0"|""|""|""|"                                                                                                                                                                                                                                                          "
14|4|"20210824152619"|"AA00007"|""|"N"|"0"|""|""|""|"                                                                                                                                                                                                                                                          "
14|13|"20210903174303"|"AA00061"|""|"N"|"0"|""|""|""|"                                                                                                                                                                                                                                                          "
16|4|"20220829102315"|"AA00079"|""|"N"|"0"|""|""|""|"                                                                                                                                                                                                                                                          "
16|6|"20220829102324"|"AA00079"|""|"N"|"0"|""|""|""|"                                                                                                                                                                                                                                                          "
16|7|"20220829102655"|"AA00079"|""|"N"|"0"|""|""|""|"                                                                                                                                                                                                                                                          "
16|533|"20220829102713"|"AA00079"|""|"N"|"0"|""|""|""|"                                                                                                                                                                                                                                                          "
16|9|"20220829102737"|"AA00079"|""|"N"|"0"|""|""|""|"                                                                                                                                                                                                                                                          "
16|11|"20220829102744"|"AA00079"|""|"N"|"0"|""|""|""|"                                                                                                                                                                                                                                                          "
16|12|"20220829102752"|"AA00079"|""|"N"|"0"|""|""|""|"                                                                                                                                                                                                                                                          "
16|22|"20220829102801"|"AA00079"|""|"N"|"0"|""|""|""|"                                                                                                                                                                                                                                                          "
16|13|"20220829102811"|"AA00079"|""|"N"|"0"|""|""|""|"                                                                                                                                                                                                                                                          "
18|533|"20240820103324"|"AA00082"|""|"N"|"0"|""|""|""|"                                                                                                                                                                                                                                                          "
17|12|"20230824112143"|"AA00007"|""|"N"|"1"|""|""|""|"                                                                                                                                                                                                                                                          "
17|6|"20230824112209"|"AA00007"|""|"N"|"1"|""|""|""|"                                                                                                                                                                                                                                                          "
17|418|"20230824112225"|"AA00007"|""|"N"|"1"|""|""|""|"                                                                                                                                                                                                                                                          "
17|4|"20230824112241"|"AA00007"|""|"N"|"1"|""|""|""|"                                                                                                                                                                                                                                                          "
17|533|"20230824112254"|"AA00007"|""|"N"|"1"|""|""|""|"                                                                                                                                                                                                                                                          "
17|11|"20230824112315"|"AA00007"|""|"N"|"1"|""|""|""|"                                                                                                                                                                                                                                                          "
18|11|"20240820105544"|"AA00082"|""|"N"|"0"|""|""|""|"                                                                                                                                                                                                                                                          "
18|4|"20240905153830"|"AA00082"|""|"N"|"0"|""|""|""|"                                                                                                                                                                                                                                                          "
18|12|"20240822152826"|"AA00082"|"Do NOT book any MA in the first slot after lunch"|"N"|"0"|""|""|""|"                                                                                                                                                                                                                                                          "
18|6|"20240905153914"|"AA00082"|""|"N"|"0"|""|""|""|"                                                                                                                                                                                                                                                          "
18|418|"20240905153929"|"AA00082"|""|"N"|"0"|""|""|""|"                                                                                                                                                                                                                                                          "
18|9|"20240912195207"|"AA00082"|""|"N"|"0"|""|""|""|"                                                                                                                                                                                                                                                          "
