"aa_id"|"case"|"pickupby"|"flightno"|"airline"|"arrivalairport"|"arrivaldate"|"arrivaltime"|"predepart"|"joininst"|"lastupdate"|"staffid"|"remarks"|"journeyno"|"route"
"S011015"|"N"|""|""|""|""|"20130523"|""|""|""|"20130523133922"|"AA00002"|"does not need to arrange pickup. P will bring student to sch (D 23/5)"|0|0
"S030928"|"Y"|"School"|"Cathay Pacific CX255"|"0"|"London Heathrow T3"|"20140902"|"0620"|"family acknowledged confirmation"|""|"20140901114135"|"AA00032"|""|50|1
"S011357"|"Y"|"Etherton Education (Francessa Palmer)"|"CZ303"|""|"London Heathrow - T4"|"20130708"|"19:05"|""|""|"20130703140917"|"AA00002"|"Francessa Palmer: 07894806973
confirmed"|0|0
"S007974"|"Y"|"WHG"|"SQ328"|"Singapore Airlines"|"Manchester International Airport"|"20130905"|"0750"|""|""|"20130615153655"|"AA00019"|"Rainky can't return to school until 7/9 so will require homestay for the first 2 nights
Airport transfer and homestay request sent to WHG (15/6/2013)"|0|0
"S009294"|"Y"|"Francessa Palmer (Etherton Education)"|"CX255"|""|"London Heathrow - T3"|"20130805"|"06:20"|""|""|"20130703140935"|"AA00002"|"Francessa Palmer: 07894806973
confirmed"|0|0
"S004037"|"Y"|"St. Felix"|"CX237"|""|"London Heathrow Airport- Terminal 3"|"20130902"|"06:20"|""|""|"20130703151651"|"AA00036"|""|0|0
"S005817"|"Y"|"School"|""|""|""|"20130702"|""|""|""|"20130703192336"|"AA00019"|"p wants sch to arrange pick up for Tommy, Mrs Chan and Tommy's sister.
3 Jul 13: request sent to sch

1st Journey
Date: 3rd Sep 2013
Time: 10am
Location: Heathrow Terminal 5 -> School
Remark: Total number of passenger = 3 (Tommy, Mrs Chan and Tommy’s sister). The family will travel to Heathrow Terminal 5 to meet with the pick-up taxi/ coach.

2nd Journey
Date: 4th Sep 2013
Time: 3:30pm
Location: School -> Heathrow Terminal 5
Remark: Total number of passenger = 2 (Mrs Chan and Tommy’s sister). Please help to arrange a taxi to bring Mrs Chan and Tommy’s sister back to the airport."|0|0
"S011961"|"Y"|"Discovery Summer"|"CX255"|"Cathay Pacific"|"Heathrow"|"20130724"|"0620"|""|""|"20130704115926"|"AA00033"|"Enrolled to UM services"|0|0
"S011995"|"Y"|"Discovery Summer"|"CX251"|"Cathay Pacific"|"Heathrow"|"20130705"|"0540"|""|""|"20130704152606"|"AA00033"|"Enrolled to UM"|0|0
"S012036"|"Y"|"Discovery Summer"|"CX255"|"Cathay Pacific"|"Heathrow"|"20130731"|"0622"|""|""|"20130704160649"|"AA00033"|"Dad will wait in airport with kids until 9am pick up time"|0|0
"S012037"|"Y"|"Discovery Summer"|"CX255"|"Cathay Pacific"|"Heathrow"|"20130731"|"0622"|""|""|"20130704161247"|"AA00033"|"Dad will wait in airport with kids until 9am pick up time"|0|0
"S012057"|"Y"|"Discovery Summer-Private Transfer"|"CX239"|"Cathay Pacific"|"Heathrow"|"20130717"|"1615"|""|""|"20130704162301"|"AA00033"|"Sharing taxi with another student on arrival"|0|0
"S012140"|"Y"|"Discovery Summer"|"MH2"|"Malaysian Airline"|"Heathrow"|"20130703"|"0550"|""|""|"20130704164143"|"AA00033"|"Return to T3 on 05 Jul to meet DS representatives for pick up"|0|0
"S030009"|"Y"|"Summer Boarding Courses"|"CX257"|"Cathay Pacific"|"Heathrow"|"20130729"|"1600"|""|""|"20130706151659"|"AA00033"|""|0|0
"S030010"|"Y"|"Concord Summer"|"CX257"|"Cathay Pacific"|"Heathrow"|"20130728"|"1600"|""|""|"20130706152048"|"AA00033"|""|0|0
"S030011"|"Y"|"Heathfield Summer"|"CX251"|"Cathay Pacific"|"Heathrow"|"20130720"|"0540"|""|""|"20130706152413"|"AA00033"|""|0|0
"S030024"|"Y"|"Discovery Summer"|"CX251"|"Cathay Pacific"|"Heathrow"|"20130724"|"0540"|""|""|"20130706153009"|"AA00033"|"Enrolled to UM"|0|0
"S030025"|"Y"|"Discovery Summer"|"CX251"|"Cathay Pacific"|"Heathrow"|"20130724"|"0540"|""|""|"20130706153608"|"AA00033"|"Enrolled to UM"|0|0
"S030061"|"Y"|"Discovery Summer"|"CX251"|"Cathay Pacific"|"Heathrow"|"20130731"|"0540"|""|""|"20130706154008"|"AA00033"|"Enrolled to UM"|0|0
"S012168"|"N"|""|"BA38"|"British Airways"|"Heathrow"|"20130719"|"1450"|""|""|"20130708120756"|"AA00033"|""|0|0
"S010859"|"Y"|"WHG"|"LH2470"|"Lufthansa"|"London Heathrow T1"|"20130829"|"0850"|""|""|"20130725141341"|"AA00019"|"airport transfer + homestay + transfer to sch on 31/8, request sent to whg (25/7/2013)"|0|0
"S007990"|"N"|""|"sf556"|"cx"|"france"|"20131129"|"0900"|""|""|"20131129212607"|""|""|1|1
"S007990"|"N"|""|"ba55"|"baedfcr"|"dewcefd"|"20131129"|"1200"|""|""|"20131129212628"|""|""|1|2
"S007990"|"Y"|"school"|"edd"|"ed3"|"ref"|"20131129"|""|""|""|"20131129212651"|""|""|1|3
"S006369"|"Y"|""|"Air France"|""|""|"20141203"|"0520"|""|""|"20141203124306"|"AA00003"|""|369|1
"S007454"|"Y"|"School"|"Cathay Pacific CX237"|""|"London Heathrow T3"|"20140901"|"0620"|"family acknowledged confirmation"|""|"20140901114657"|"AA00032"|"[30Aug14] email sch stu contact no
[28Aug14] ask p for stu contact no
[5Aug14] req to sch"|195|1
"S012537"|"N"|""|""|""|""|"20140711"|""|""|""|"20140711120636"|"AA00032"|""|11|1
"S030263"|"N"|""|""|""|""|"20140711"|""|""|""|"20140711123253"|"AA00032"|""|14|1
"S031091"|"N"|""|""|""|""|"20140711"|""|""|""|"20140711123706"|"AA00032"|""|17|1
"S030523"|"N"|""|""|""|""|"20140711"|""|""|""|"20140711130245"|"AA00032"|""|20|1
"S012361"|"N"|""|"CX253"|""|"LONDON HEATHROW T3"|"20140106"|"2010"|""|""|"20131213165828"|"AA00002"|"Mother will send student to school on the next day, 7 Jan 2014, Brother of WONG Andy"|2|1
"S006434"|"N"|""|""|""|""|"20140709"|""|""|""|"20140709172840"|"AA00003"|"for the beginning of Sep14, didn't give itin"|9|1
"S009612"|"N"|""|""|""|""|"20140711"|""|""|""|"20140711122839"|"AA00032"|""|12|1
"S012539"|"N"|""|""|""|""|"20140711"|""|""|""|"20140711123532"|"AA00032"|""|15|1
"S030324"|"N"|""|""|""|""|"20140711"|""|""|""|"20140711123844"|"AA00032"|""|18|1
"S030695"|"N"|""|""|""|""|"20140711"|""|""|""|"20140711130333"|"AA00032"|""|21|1
"S011141"|"N"|""|""|""|""|"20140711"|""|""|""|"20140711130607"|"AA00032"|""|23|1
"S031804"|"Y"|"Quest"|"Air France AF1680"|""|"London Heathrow T4"|"20140904"|"0750"|"family acknowledged confirmation"|"[26Aug] req sent - pick up from airport to school"|"20140901114759"|"AA00032"|"Change flight from
Paris T2E AF185 0605"|365|1
"S030442"|"N"|""|""|""|""|"20140711"|""|""|""|"20140711133502"|"AA00032"|""|28|1
"S006121"|"Y"|"School"|"Cathay Pacific CX251"|""|"London Heathrow T3"|"20140908"|"0540"|"family acknowledged confirmation"|""|"20140906102839"|"AA00032"|"[30Aug14] req to sch"|367|1
"S030432"|"N"|""|""|""|""|"20140711"|""|""|""|"20140711150553"|"AA00032"|""|32|1
"S006369"|"N"|""|"Emirate"|""|"Edinburgh"|"20150205"|""|"sch/guardian cfm booking will be made"|""|"20150205163520"|""|""|370|1
"S012523"|"N"|""|""|""|""|"20140711"|""|""|""|"20140711150829"|"AA00032"|""|35|1
"S031580"|"N"|""|""|""|""|"20140712"|""|""|""|"20140712102509"|"AA00032"|""|37|1
"S031113"|"Y"|""|"British Airways BA28"|""|"London Heathrow T5"|"20140910"|"0535"|"request made"|""|"20140906113526"|"AA00032"|""|368|1
"S006419"|"N"|""|""|""|""|"20140712"|""|""|""|"20140712102653"|"AA00032"|""|40|1
"S012281"|"N"|""|""|""|""|"20140712"|""|""|""|"20140712102816"|"AA00032"|""|41|1
"S030906"|"N"|""|""|""|""|"20140712"|""|""|""|"20140712102936"|"AA00032"|""|43|1
"S031804"|"N"|""|"Air France AF185"|""|"Paris T2E"|"20140904"|"0605"|""|""|"20140828161413"|"AA00032"|""|360|1
"S011767"|"N"|""|""|""|""|"20140712"|""|""|""|"20140712103157"|"AA00032"|""|46|1
"S031074"|"N"|""|""|""|""|"20140712"|""|""|""|"20140712103331"|"AA00032"|""|49|1
"S031804"|"N"|""|"Air France AF1680"|""|"London Heathrow T4"|"20140904"|"0750"|"request made"|""|"20140828161423"|"AA00032"|"[16Aug14] sch ask if the stu will arrive earlier
[15Aug14] req to sch"|360|2
"S011715"|"Y"|"School"|"British Airways BA26"|"71"|"London Heathrow T5"|"20140829"|"0455"|"family acknowledged confirmation"|""|"20140828163641"|"AA00032"|"[15Aug14] chase
[6Aug14] ask if the sch can help"|321|1
"S008681"|"Y"|"School"|"British Airways BA26"|""|"London Heathrow T5"|"20140902"|"0455"|"confirmation emailed family"|""|"20140828191047"|"AA00032"|"[15Aug14] chase
[5Aug14] req to sch/ travel with mum"|208|1
"S012343"|"N"|""|"Aeroflot Russian Airlines SU213"|""|"Moscow (Sheremetyevo) Russia"|"20140902"|"1710"|"itin requested"|""|"20140830095638"|"AA00032"|""|349|1
"S030834"|"N"|""|""|""|""|"20140712"|""|""|""|"20140712104217"|"AA00032"|""|58|1
"S011001"|"N"|""|""|""|""|"20140712"|""|""|""|"20140712104225"|"AA00032"|""|59|1
"S030389"|"Y"|"School"|"British Airways BA26"|""|"London Heathrow T5"|"20140826"|"0455"|"family acknowledged confirmation"|""|"20140830111122"|"AA00032"|"[15Aug14] chase
[5Aug14] req to sch/ travel with mum/ will take the coach on 2nd Sept"|65|1
"S009413"|"N"|""|""|""|""|"20140712"|""|""|""|"20140712104620"|"AA00032"|""|62|1
"S011037"|"N"|""|""|""|""|"20140712"|""|""|""|"20140712104909"|"AA00032"|""|64|1
"S012549"|"N"|""|""|""|""|"20140712"|""|""|""|"20140712105506"|"AA00032"|""|70|1
"S012420"|"N"|""|""|""|""|"20140712"|""|""|""|"20140712111729"|"AA00032"|""|72|1
"S031599"|"N"|""|""|""|""|"20140712"|""|""|""|"20140712111820"|"AA00032"|""|74|1
"S009432"|"N"|""|""|""|""|"20140712"|""|""|""|"20140712112411"|"AA00032"|""|76|1
"S030965"|"N"|""|""|""|""|"20140712"|""|""|""|"20140712113119"|"AA00032"|""|79|1
"S012306"|"N"|""|""|""|""|"20140712"|""|""|""|"20140712113208"|"AA00032"|""|81|1
"S030948"|"N"|""|""|""|""|"20140712"|""|""|""|"20140712114856"|"AA00032"|""|83|1
"S011487"|"N"|""|""|""|""|"20140712"|""|""|""|"20140712115042"|"AA00032"|""|84|1
"S007381"|"N"|""|""|""|""|"20140712"|""|""|""|"20140712115254"|"AA00032"|""|86|1
"S012645"|"N"|""|""|""|""|"20140712"|""|""|""|"20140712115310"|"AA00032"|""|87|1
"S030557"|"N"|""|""|""|""|"20140712"|""|""|""|"20140712115752"|"AA00032"|""|90|1
"S011140"|"N"|""|""|""|""|"20140712"|""|""|""|"20140712120209"|"AA00032"|""|97|1
"S030198"|"N"|""|""|""|""|"20140712"|""|""|""|"20140712120240"|"AA00032"|""|99|1
"S010920"|"N"|""|""|""|""|"20140712"|""|""|""|"20140712120403"|"AA00032"|""|101|1
"S030171"|"N"|""|""|""|""|"20140712"|""|""|""|"20140712120425"|"AA00032"|""|102|1
"S008533"|"N"|""|""|""|""|"20140712"|""|""|""|"20140712120645"|"AA00032"|""|105|1
"S008413"|"N"|""|""|""|""|"20140712"|""|""|""|"20140712120701"|"AA00032"|""|107|1
"S031096"|"N"|""|""|""|""|"20140712"|""|""|""|"20140712120845"|"AA00032"|""|113|1
"S011679"|"N"|""|"CX253"|""|"London Heathrow T3"|"20140106"|"2010"|""|""|"20131213165807"|"AA00002"|"Mother will send student to school on the next day, 7 Jan 2014, brother of LEI Chi Kit Jacky"|4|1
"S010882"|"Y"|"School"|""|""|""|"20140901"|""|"family acknowledged confirmation"|""|"20140830112406"|"AA00032"|"[28Aug14] ask sch for the fee
[15Aug14] stu will be back next week
[11Aug14] ask p & stu to send itin
[7Aug14] will send itin tdy"|88|1
"S012279"|"N"|""|""|""|""|"20140711"|""|""|""|"20140711120118"|"AA00032"|""|10|1
"S030563"|"N"|""|""|""|""|"20140711"|""|""|""|"20140711122948"|"AA00032"|""|13|1
"S030266"|"N"|""|""|""|""|"20140711"|""|""|""|"20140711123637"|"AA00032"|""|16|1
"S009208"|"Y"|"School"|"British Airways BA28"|""|"London Heathrow T5"|"20140112"|"0450"|"Central City Cars (tel 01902 42346)"|"Angus should look for the driver inside the terminal once he has his luggage and has cleared customs.  The driver will be carrying a sign with either the School’s name or Angus’ name on it."|"20140113172427"|"AA00003"|"to be billed on sch bill"|6|1
"S011778"|"N"|""|""|""|""|"20140711"|""|""|""|"20140711124127"|"AA00032"|""|19|1
"S030588"|"N"|""|""|""|""|"20140711"|""|""|""|"20140711130538"|"AA00032"|""|22|1
"S030215"|"Y"|"School"|"Cathay Pacific CX251"|""|"London Heathrow T3"|"20140902"|"0540"|"family acknowledged confirmation"|""|"20140830112503"|"AA00032"|"[30Aug14] will share taxi
[16Aug14] give sch contact no.
[7aug14] asking student phone no. [4Aug14] req to sch"|312|1
"S030334"|"N"|""|""|""|""|"20140711"|""|""|""|"20140711132040"|"AA00032"|""|25|1
"S012595"|"N"|""|""|""|""|"20140711"|""|""|""|"20140711132701"|"AA00032"|""|27|1
"S008018"|"N"|""|""|""|""|"20140711"|""|""|""|"20140711144954"|"AA00032"|""|29|1
"S030399"|"N"|""|""|""|""|"20140711"|""|""|""|"20140711150157"|"AA00032"|""|31|1
"S006269"|"N"|""|""|""|""|"20140711"|""|""|""|"20140711150650"|"AA00032"|""|33|1
"S007806"|"N"|""|""|""|""|"20140711"|""|""|""|"20140711150858"|"AA00032"|""|36|1
"S010012"|"N"|""|""|""|""|"20140712"|""|""|""|"20140712102638"|"AA00032"|""|39|1
"S012334"|"N"|""|""|""|""|"20140712"|""|""|""|"20140712102847"|"AA00032"|""|42|1
"S006610"|"N"|""|""|""|""|"20140712"|""|""|""|"20140712102957"|"AA00032"|""|44|1
"S030647"|"N"|""|""|""|""|"20140712"|""|""|""|"20140712103231"|"AA00032"|""|47|1
"S012282"|"N"|""|""|""|""|"20140714"|""|"itin requested"|""|"20140811153101"|"AA00032"|"[4Aug14]will reply and send us asap"|305|1
"S030393"|"N"|""|""|""|""|"20140712"|""|""|""|"20140712103507"|"AA00032"|""|52|1
"S012152"|"N"|""|""|""|""|"20140712"|""|""|""|"20140712103815"|"AA00032"|""|54|1
"S012113"|"N"|""|""|""|""|"20140712"|""|""|""|"20140712103837"|"AA00032"|""|56|1
"S030989"|"N"|""|""|""|""|"20140712"|""|""|""|"20140712104236"|"AA00032"|""|60|1
"S012490"|"N"|""|""|""|""|"20140712"|""|""|""|"20140712104657"|"AA00032"|""|63|1
"S030460"|"N"|""|""|""|""|"20140712"|""|""|""|"20140712105224"|"AA00032"|""|67|1
"S011704"|"N"|""|""|""|""|"20140712"|""|""|""|"20140712105250"|"AA00032"|""|68|1
"S011685"|"N"|""|""|""|""|"20140712"|""|""|""|"20140712105258"|"AA00032"|""|69|1
"S012251"|"N"|""|""|""|""|"20140712"|""|""|""|"20140712105645"|"AA00032"|""|71|1
"S031128"|"N"|""|""|""|""|"20140712"|""|""|""|"20140712111746"|"AA00032"|""|73|1
"S030745"|"N"|""|""|""|""|"20140712"|""|""|""|"20140712113053"|"AA00032"|""|77|1
"S031193"|"N"|""|""|""|""|"20140712"|""|""|""|"20140712113107"|"AA00032"|""|78|1
"S009290"|"N"|""|""|""|""|"20140712"|""|""|""|"20140712113159"|"AA00032"|""|80|1
"S012075"|"N"|""|""|""|""|"20140712"|""|""|""|"20140712113219"|"AA00032"|""|82|1
"S011828"|"N"|""|""|""|""|"20140712"|""|""|""|"20140712115213"|"AA00032"|""|85|1
"S012432"|"N"|""|""|""|""|"20140712"|""|""|""|"20140712115741"|"AA00032"|""|89|1
"S030452"|"N"|""|""|""|""|"20140712"|""|""|""|"20140712115802"|"AA00032"|""|91|1
"S030744"|"N"|""|""|""|""|"20140712"|""|""|""|"20140712120033"|"AA00032"|""|92|1
"S011770"|"N"|""|""|""|""|"20140712"|""|""|""|"20140712120115"|"AA00032"|""|93|1
"S011126"|"N"|""|""|""|""|"20140712"|""|""|""|"20140712120123"|"AA00032"|""|94|1
"S010220"|"N"|""|""|""|""|"20140712"|""|""|""|"20140712120130"|"AA00032"|""|95|1
"S010864"|"N"|""|""|""|""|"20140712"|""|""|""|"20140712120152"|"AA00032"|""|96|1
"S030897"|"N"|""|""|""|""|"20140712"|""|""|""|"20140712120232"|"AA00032"|""|98|1
"S030304"|"N"|""|""|""|""|"20140712"|""|""|""|"20140712120250"|"AA00032"|""|100|1
"S012027"|"N"|""|""|""|""|"20140712"|""|""|""|"20140712120614"|"AA00032"|""|104|1
"S031484"|"N"|""|""|""|""|"20140712"|""|""|""|"20140712120654"|"AA00032"|""|106|1
"S030440"|"N"|""|""|""|""|"20140712"|""|""|""|"20140712120711"|"AA00032"|""|108|1
"S030527"|"N"|""|""|""|""|"20140712"|""|""|""|"20140712120733"|"AA00032"|""|109|1
"S030564"|"N"|""|""|""|""|"20140712"|""|""|""|"20140712120754"|"AA00032"|""|110|1
"S031058"|"N"|""|""|""|""|"20140712"|""|""|""|"20140712120838"|"AA00032"|""|112|1
"S030580"|"N"|""|""|""|""|"20140712"|""|""|""|"20140712120925"|"AA00032"|""|114|1
"S030598"|"N"|""|""|""|""|"20140712"|""|""|""|"20140712120938"|"AA00032"|""|115|1
"S012464"|"N"|""|""|""|""|"20140712"|""|""|""|"20140712120948"|"AA00032"|""|116|1
"S011360"|"N"|""|""|""|""|"20140712"|""|""|""|"20140712121043"|"AA00032"|""|117|1
"S030708"|"N"|""|""|""|""|"20140712"|""|""|""|"20140712121052"|"AA00032"|""|118|1
"S030973"|"N"|""|""|""|""|"20140712"|""|""|""|"20140712121101"|"AA00032"|""|119|1
"S030354"|"N"|""|""|""|""|"20140712"|""|""|""|"20140712121130"|"AA00032"|""|120|1
"S011044"|"N"|""|""|""|""|"20140712"|""|""|""|"20140712121235"|"AA00032"|""|121|1
"S030645"|"N"|""|""|""|""|"20140712"|""|""|""|"20140712122026"|"AA00032"|""|122|1
"S010184"|"N"|""|"Cathay Pacific CX257"|""|"London Heathrow T3"|"20140830"|"1505"|""|""|"20140724120716"|"AA00032"|""|126|1
"S006369"|"N"|""|""|""|""|"20140726"|""|""|""|"20140726105851"|"AA00003"|""|5|2
"S031131"|"N"|""|""|""|""|"20140712"|""|""|""|"20140712122154"|"AA00032"|""|124|1
"S011732"|"N"|""|""|""|""|"20140712"|""|""|""|"20140712122213"|"AA00032"|""|125|1
"S031276"|"Y"|"WHG"|"British Airways BA26"|""|"London Heathrow T5"|"20140829"|"0455"|"confirmation emailed family"|""|"20140830115532"|"AA00032"|"[28Aug14] req to whg
[19Aug14] chase
[16Aug14] ask ag for the cost
[7Aug14] ask how much, frm airport to hotel, hotel to ashford"|295|1
"S007899"|"Y"|"School"|"British Airways BA0028"|""|"London Heathrow T5"|"20140902"|"0535"|"family acknowledged confirmation"|"[23Aug] req to school"|"20140830133713"|"AA00032"|"[30Aug14] waiting for driver details
[28Aug14] req to sch"|364|1
"S012616"|"N"|""|""|""|""|"20140712"|""|""|""|"20140712122330"|"AA00032"|""|127|1
"S011053"|"N"|""|""|""|""|"20140712"|""|""|""|"20140712122415"|"AA00032"|""|128|1
"S009138"|"N"|""|""|""|""|"20140712"|""|""|""|"20140712122435"|"AA00032"|""|129|1
"S009205"|"N"|""|""|""|""|"20140712"|""|""|""|"20140712122444"|"AA00032"|""|130|1
"S011645"|"N"|""|""|""|""|"20140712"|""|""|""|"20140712122806"|"AA00032"|""|131|1
"S012218"|"N"|""|""|""|""|"20140712"|""|""|""|"20140712122818"|"AA00032"|""|132|1
"S030462"|"N"|""|""|""|""|"20140712"|""|""|""|"20140712123042"|"AA00032"|""|133|1
"S011448"|"N"|""|""|""|""|"20140712"|""|""|""|"20140712123110"|"AA00032"|""|134|1
"S011204"|"N"|""|""|""|""|"20140712"|""|""|""|"20140712123216"|"AA00032"|""|135|1
"S011942"|"N"|""|""|""|""|"20140712"|""|""|""|"20140712123255"|"AA00032"|""|136|1
"S030893"|"N"|""|""|""|""|"20140712"|""|""|""|"20140712123307"|"AA00032"|""|137|1
"S030474"|"N"|""|""|""|""|"20140712"|""|""|""|"20140712123315"|"AA00032"|""|138|1
"S030540"|"N"|""|""|""|""|"20140712"|""|""|""|"20140712123335"|"AA00032"|""|139|1
"S031492"|"N"|""|""|""|""|"20140712"|""|""|""|"20140712140925"|"AA00032"|""|140|1
"S009308"|"N"|""|""|""|""|"20140714"|""|""|""|"20140807134423"|"AA00032"|"email to Mr Ng, ask him to arrange with guardian"|244|1
"S012319"|"N"|""|""|""|""|"20140712"|""|""|""|"20140712141232"|"AA00032"|""|142|1
"S031220"|"N"|""|""|""|""|"20140712"|""|""|""|"20140712141257"|"AA00032"|""|143|1
"S007275"|"N"|""|""|""|""|"20140712"|""|""|""|"20140712141325"|"AA00032"|""|144|1
"S012577"|"N"|""|""|""|""|"20140712"|""|""|""|"20140712141354"|"AA00032"|""|145|1
"S009765"|"N"|""|""|""|""|"20140712"|""|""|""|"20140712141401"|"AA00032"|""|146|1
"S031234"|"N"|""|""|""|""|"20140712"|""|""|""|"20140712141440"|"AA00032"|""|147|1
"S012417"|"N"|""|""|""|""|"20140712"|""|""|""|"20140712141451"|"AA00032"|""|148|1
"S030428"|"N"|""|""|""|""|"20140712"|""|""|""|"20140712141501"|"AA00032"|""|149|1
"S012649"|"N"|""|""|""|""|"20140712"|""|""|""|"20140712141733"|"AA00032"|""|150|1
"S031179"|"N"|""|""|""|""|"20140712"|""|""|""|"20140712141809"|"AA00032"|""|151|1
"S030182"|"N"|""|""|""|""|"20140712"|""|""|""|"20140712141855"|"AA00032"|""|152|1
"S030486"|"N"|""|""|""|""|"20140712"|""|""|""|"20140712141905"|"AA00032"|""|153|1
"S030552"|"N"|""|""|""|""|"20140712"|""|""|""|"20140712141913"|"AA00032"|""|154|1
"S012347"|"N"|""|""|""|""|"20140712"|""|""|""|"20140712141922"|"AA00032"|""|155|1
"S030510"|"N"|""|""|""|""|"20140712"|""|""|""|"20140712142937"|"AA00032"|""|156|1
"S012611"|"N"|""|""|""|""|"20140712"|""|""|""|"20140712143155"|"AA00032"|""|157|1
"S010098"|"N"|""|""|""|""|"20140712"|""|""|""|"20140712143304"|"AA00032"|""|158|1
"S030797"|"N"|""|""|""|""|"20140712"|""|""|""|"20140712143400"|"AA00032"|""|159|1
"S030636"|"N"|""|""|""|""|"20140712"|""|""|""|"20140712143407"|"AA00032"|""|160|1
"S031142"|"N"|""|""|""|""|"20140712"|""|""|""|"20140712143656"|"AA00032"|""|161|1
"S030592"|"N"|""|""|""|""|"20140712"|""|""|""|"20140712143936"|"AA00032"|""|162|1
"S012010"|"N"|""|""|""|""|"20140712"|""|""|""|"20140712144006"|"AA00032"|""|163|1
"S012371"|"N"|""|""|""|""|"20140712"|""|""|""|"20140712144142"|"AA00032"|""|164|1
"S011692"|"N"|""|""|""|""|"20140712"|""|""|""|"20140712145038"|"AA00032"|""|166|1
"S012163"|"N"|""|""|""|""|"20140712"|""|""|""|"20140712145047"|"AA00032"|""|167|1
"S011376"|"N"|""|""|""|""|"20140712"|""|""|""|"20140712145142"|"AA00032"|""|168|1
"S011940"|"N"|""|"Cathay Pacific CX239"|"160"|"London Heathrow T3"|"20140830"|"1810"|"confirmation emailed family"|""|"20140830174841"|"AA00032"|"will arrive a day earlier, frm host family to sch on 31Aug
[4Aug14] req to q"|352|1
"S011783"|"N"|""|""|""|""|"20140712"|""|""|""|"20140712145505"|"AA00032"|""|170|1
"S030450"|"N"|""|""|""|""|"20140712"|""|""|""|"20140712145525"|"AA00032"|""|171|1
"S031531"|"N"|""|""|""|""|"20140712"|""|""|""|"20140712145536"|"AA00032"|""|172|1
"S012246"|"N"|""|""|""|""|"20140712"|""|""|""|"20140712145602"|"AA00032"|""|173|1
"S011515"|"N"|""|""|""|""|"20140712"|""|""|""|"20140712150719"|"AA00032"|""|174|1
"S010136"|"N"|""|""|""|""|"20140712"|""|""|""|"20140712150728"|"AA00032"|""|175|1
"S031245"|"N"|""|""|""|""|"20140712"|""|""|""|"20140712150750"|"AA00032"|""|176|1
"S030653"|"N"|""|""|""|""|"20140712"|""|""|""|"20140712150937"|"AA00032"|""|177|1
"S012368"|"N"|""|""|""|""|"20140712"|""|""|""|"20140712150950"|"AA00032"|""|178|1
"S009938"|"N"|""|""|""|""|"20140712"|""|""|""|"20140712173458"|"AA00032"|""|179|1
"S009860"|"N"|""|""|""|""|"20140712"|""|""|""|"20140712173632"|"AA00032"|""|180|1
"S030759"|"N"|""|""|""|""|"20140712"|""|""|""|"20140712173852"|"AA00032"|""|181|1
"S030458"|"N"|""|""|""|""|"20140712"|""|""|""|"20140712174010"|"AA00032"|""|182|1
"S012146"|"N"|""|""|""|""|"20140712"|""|""|""|"20140712174019"|"AA00032"|""|183|1
"S012667"|"N"|""|""|""|""|"20140712"|""|""|""|"20140712174026"|"AA00032"|""|184|1
"S030726"|"N"|""|""|""|""|"20140712"|""|""|""|"20140712174034"|"AA00032"|""|185|1
"S030282"|"N"|""|""|""|""|"20140712"|""|""|""|"20140712174056"|"AA00032"|""|186|1
"S010861"|"N"|""|""|""|""|"20140712"|""|""|""|"20140712174118"|"AA00032"|""|187|1
"S009338"|"N"|""|""|""|""|"20140712"|""|""|""|"20140712174146"|"AA00032"|""|188|1
"S030898"|"N"|""|""|""|""|"20140712"|""|""|""|"20140712174209"|"AA00032"|""|189|1
"S007599"|"N"|""|""|""|""|"20140712"|""|""|""|"20140712174226"|"AA00032"|""|190|1
"S031334"|"N"|""|""|""|""|"20140712"|""|""|""|"20140712174646"|"AA00032"|""|191|1
"S009585"|"N"|""|""|""|""|"20140712"|""|""|""|"20140712174736"|"AA00032"|""|192|1
"S030521"|"N"|""|""|""|""|"20140712"|""|""|""|"20140712174754"|"AA00032"|""|193|1
"S010169"|"N"|""|""|""|""|"20140712"|""|""|""|"20140712174803"|"AA00032"|""|194|1
"S031517"|"Y"|"School"|"British Airways BA26"|""|"London Heathrow T5"|"20140831"|"0455"|"confirmation emailed family"|""|"20140830193532"|"AA00032"|"[28Aug14] ask sch for driver details
[13Aug14] fwd to house staff (Mrs Jayne Bloye)/ chase
travel as UM/ [4Aug14] req to sch"|75|1
"S031050"|"N"|""|""|""|""|"20140712"|""|""|""|"20140712175034"|"AA00032"|""|196|1
"S012373"|"N"|""|""|""|""|"20140712"|""|""|""|"20140712175055"|"AA00032"|""|197|1
"S031157"|"N"|""|""|""|""|"20140712"|""|""|""|"20140712175122"|"AA00032"|""|198|1
"S006369"|"N"|""|"British Airways"|""|""|"20131213"|""|""|""|"20140726113106"|"AA00003"|""|5|1
"S012508"|"N"|""|""|""|""|"20140712"|""|""|""|"20140712175218"|"AA00032"|""|200|1
"S030678"|"N"|""|"Emirate EK0381"|""|"Dubai T3"|"20140831"|"0435"|""|""|"20140901100758"|"AA00032"|""|34|1
"S030363"|"N"|""|""|""|""|"20140714"|""|""|""|"20140714102416"|"AA00032"|""|202|1
"S030268"|"N"|""|""|""|""|"20140714"|""|""|""|"20140714102424"|"AA00032"|""|203|1
"S012465"|"N"|""|""|""|""|"20140714"|""|""|""|"20140714102431"|"AA00032"|""|204|1
"S030733"|"N"|""|""|""|""|"20140714"|""|""|""|"20140714102454"|"AA00032"|""|205|1
"S011929"|"N"|""|""|""|""|"20140714"|""|""|""|"20140714102507"|"AA00032"|""|206|1
"S030980"|"N"|""|""|""|""|"20140714"|""|""|""|"20140714102553"|"AA00032"|""|207|1
"S030308"|"N"|""|""|""|""|"20140714"|""|""|""|"20140714103057"|"AA00032"|""|209|1
"S031524"|"N"|""|""|""|""|"20140714"|""|""|""|"20140714103147"|"AA00032"|""|210|1
"S030541"|"N"|""|""|""|""|"20140714"|""|""|""|"20140714103539"|"AA00032"|""|211|1
"S012261"|"N"|""|""|""|""|"20140714"|""|""|""|"20140714103604"|"AA00032"|""|212|1
"S030764"|"N"|""|""|""|""|"20140714"|""|""|""|"20140714103706"|"AA00032"|""|213|1
"S010878"|"N"|""|""|""|""|"20140714"|""|""|""|"20140714103715"|"AA00032"|""|214|1
"S011270"|"N"|""|""|""|""|"20140714"|""|""|""|"20140714103728"|"AA00032"|""|215|1
"S031102"|"N"|""|""|""|""|"20140714"|""|""|""|"20140714103826"|"AA00032"|""|216|1
"S009520"|"N"|""|""|""|""|"20140714"|""|""|""|"20140714103853"|"AA00032"|""|217|1
"S009901"|"N"|""|""|""|""|"20140714"|""|""|""|"20140714103936"|"AA00032"|""|218|1
"S012143"|"N"|""|""|""|""|"20140714"|""|""|""|"20140714103953"|"AA00032"|""|219|1
"S031499"|"N"|""|""|""|""|"20140714"|""|""|""|"20140714104008"|"AA00032"|""|220|1
"S012272"|"N"|""|""|""|""|"20140714"|""|""|""|"20140714104126"|"AA00032"|""|222|1
"S012446"|"N"|""|""|""|""|"20140714"|""|""|""|"20140714104149"|"AA00032"|""|223|1
"S011947"|"N"|""|""|""|""|"20140714"|""|""|""|"20140714104356"|"AA00032"|""|224|1
"S009745"|"N"|""|""|""|""|"20140714"|""|""|""|"20140714104405"|"AA00032"|""|225|1
"S030283"|"N"|""|""|""|""|"20140714"|""|""|""|"20140714104413"|"AA00032"|""|226|1
"S030311"|"N"|""|""|""|""|"20140714"|""|""|""|"20140714104424"|"AA00032"|""|227|1
"S009832"|"N"|""|""|""|""|"20140714"|""|""|""|"20140714104430"|"AA00032"|""|228|1
"S011390"|"N"|""|""|""|""|"20140714"|""|""|""|"20140714104520"|"AA00032"|""|229|1
"S012641"|"N"|""|""|""|""|"20140714"|""|""|""|"20140714104527"|"AA00032"|""|230|1
"S012234"|"Y"|"WHG"|""|""|""|"20140712"|""|"confirmation emailed family"|""|"20140823101636"|"AA00040"|"[15Aug14] ask whg to arrange
[11Aug14] ask if need us to arrange
[4Aug14]will send itin later"|53|1
"S012377"|"N"|""|""|""|""|"20140714"|""|""|""|"20140714104714"|"AA00032"|""|232|1
"S010912"|"N"|""|""|""|""|"20140714"|""|""|""|"20140714104723"|"AA00032"|""|233|1
"S030997"|"N"|""|""|""|""|"20140714"|""|""|""|"20140714104915"|"AA00032"|""|234|1
"S030529"|"N"|""|""|""|""|"20140714"|""|""|""|"20140714105033"|"AA00032"|""|235|1
"S030971"|"N"|""|""|""|""|"20140714"|""|""|""|"20140714105051"|"AA00032"|""|236|1
"S030534"|"N"|""|""|""|""|"20140714"|""|""|""|"20140714105058"|"AA00032"|""|237|1
"S012233"|"Y"|"School"|"Qatar Airways QR7"|""|"London Heathrow T4"|"20140902"|"1200"|"request made"|""|"20140828112955"|"AA00032"|"[28Aug14] req to sch
change flight from Doha T2 QR815 0450"|366|1
"S012182"|"N"|""|""|""|""|"20140714"|""|""|""|"20140714105140"|"AA00032"|""|239|1
"S030495"|"N"|""|""|""|""|"20140714"|""|""|""|"20140714105218"|"AA00032"|""|240|1
"S030911"|"N"|""|""|""|""|"20140714"|""|""|""|"20140714105226"|"AA00032"|""|241|1
"S012274"|"N"|""|""|""|""|"20140714"|""|""|""|"20140714105235"|"AA00032"|""|242|1
"S031198"|"Y"|"School"|"British Airways BA28"|""|"London Heathrow T5"|"20140902"|"0535"|"family acknowledged confirmation"|""|"20140828114852"|"AA00032"|"[15Aug14] chase
[4Aug14] req to sch"|38|1
"S007710"|"Y"|"WHG"|"Cathay Pacific CX257"|"96"|"London Heathrow T3"|"20140821"|"1505"|"family acknowledged confirmation"|""|"20140828115150"|"AA00032"|"[19Aug14] req to whg
[16Aug14] ask WHG the cost / email p n ask abt the hotel name
[15Aug14] ask p abt the hotel name
[5Aug14] ask p abt the pickup date, will reply later"|221|1
"S009182"|"N"|""|""|""|""|"20140714"|""|""|""|"20140714105312"|"AA00032"|""|245|1
"S012105"|"N"|""|""|""|""|"20140714"|""|""|""|"20140714105320"|"AA00032"|""|246|1
"S031213"|"N"|""|""|""|""|"20140714"|""|""|""|"20140714105327"|"AA00032"|""|247|1
"S012444"|"N"|""|""|""|""|"20140714"|""|""|""|"20140714105337"|"AA00032"|""|248|1
"S012061"|"N"|""|""|""|""|"20140714"|""|""|""|"20140714105449"|"AA00032"|""|249|1
"S030605"|"N"|""|""|""|""|"20140714"|""|""|""|"20140714105657"|"AA00032"|""|250|1
"S031121"|"N"|""|""|""|""|"20140714"|""|""|""|"20140714105729"|"AA00032"|""|251|1
"S012000"|"N"|""|""|""|""|"20140714"|""|""|""|"20140714105742"|"AA00032"|""|252|1
"S012297"|"N"|""|""|""|""|"20140714"|""|""|""|"20140714105906"|"AA00032"|""|253|1
"S012538"|"N"|""|""|""|""|"20140714"|""|""|""|"20140714105917"|"AA00032"|""|254|1
"S007070"|"N"|""|""|""|""|"20140714"|""|""|""|"20140714105948"|"AA00032"|""|255|1
"S012012"|"N"|""|""|""|""|"20140714"|""|""|""|"20140714105956"|"AA00032"|""|256|1
"S012499"|"Y"|"School"|"Cathay Pacific CX251"|"50"|"London Heathrow T3"|"20140828"|"0540"|"family acknowledged confirmation"|""|"20140828115204"|"AA00032"|"[16Aug14] ask stu contact no.
[15Aug14] fwd to ben/ chase
[5Aug14] req to sch"|277|1
"S012639"|"N"|""|""|""|""|"20140714"|""|""|""|"20140714110314"|"AA00032"|""|259|1
"S008831"|"N"|""|""|""|""|"20140714"|""|""|""|"20140714110338"|"AA00032"|""|260|1
"S030264"|"N"|""|""|""|""|"20140714"|""|""|""|"20140714110357"|"AA00032"|""|261|1
"S011624"|"N"|""|""|""|""|"20140714"|""|""|""|"20140714110407"|"AA00032"|""|262|1
"S012354"|"N"|""|""|""|""|"20140714"|""|""|""|"20140714110415"|"AA00032"|""|263|1
"S030573"|"N"|""|""|""|""|"20140714"|""|""|""|"20140714110422"|"AA00032"|""|264|1
"S030551"|"N"|""|""|""|""|"20140714"|""|""|""|"20140714110446"|"AA00032"|""|265|1
"S030443"|"N"|""|""|""|""|"20140714"|""|""|""|"20140714110709"|"AA00032"|""|266|1
"S012540"|"N"|""|""|""|""|"20140714"|""|""|""|"20140714110900"|"AA00032"|""|268|1
"S009050"|"N"|""|""|""|""|"20140714"|""|""|""|"20140714110909"|"AA00032"|""|269|1
"S030922"|"N"|""|""|""|""|"20140714"|""|""|""|"20140714110916"|"AA00032"|""|270|1
"S030621"|"N"|""|""|""|""|"20140714"|""|""|""|"20140714110925"|"AA00032"|""|271|1
"S011625"|"N"|""|""|""|""|"20140714"|""|""|""|"20140714110959"|"AA00032"|""|272|1
"S011152"|"N"|""|""|""|""|"20140714"|""|""|""|"20140714111008"|"AA00032"|""|273|1
"S011983"|"N"|""|""|""|""|"20140714"|""|""|""|"20140714111035"|"AA00032"|""|274|1
"S012288"|"N"|""|""|""|""|"20140714"|""|""|""|"20140714111044"|"AA00032"|""|275|1
"S031046"|"N"|""|""|""|""|"20140714"|""|""|""|"20140714111120"|"AA00032"|""|278|1
"S031493"|"N"|""|""|""|""|"20140714"|""|""|""|"20140714111427"|"AA00032"|""|279|1
"S011547"|"N"|""|""|""|""|"20140714"|""|""|""|"20140714111907"|"AA00032"|""|280|1
"S030870"|"N"|""|""|""|""|"20140714"|""|""|""|"20140714111914"|"AA00032"|""|281|1
"S030309"|"N"|""|""|""|""|"20140714"|""|""|""|"20140714111931"|"AA00032"|""|282|1
"S012630"|"N"|""|""|""|""|"20140714"|""|""|""|"20140714111938"|"AA00032"|""|283|1
"S012462"|"N"|""|""|""|""|"20140714"|""|""|""|"20140714111944"|"AA00032"|""|284|1
"S012269"|"N"|""|""|""|""|"20140714"|""|""|""|"20140714112047"|"AA00032"|""|285|1
"S030566"|"N"|""|""|""|""|"20140714"|""|""|""|"20140714112101"|"AA00032"|""|286|1
"S011483"|"N"|""|""|""|""|"20140714"|""|""|""|"20140714112122"|"AA00032"|""|287|1
"S011482"|"N"|""|""|""|""|"20140714"|""|""|""|"20140714112226"|"AA00032"|""|288|1
"S012131"|"N"|""|""|""|""|"20140714"|""|""|""|"20140714112340"|"AA00032"|""|289|1
"S003557"|"N"|""|""|""|""|"20140714"|""|""|""|"20140714112448"|"AA00032"|""|290|1
"S030766"|"N"|""|""|""|""|"20140714"|""|""|""|"20140714112523"|"AA00032"|""|291|1
"S030328"|"N"|""|""|""|""|"20140714"|""|""|""|"20140714112530"|"AA00032"|""|292|1
"S030331"|"N"|""|""|""|""|"20140714"|""|""|""|"20140714112555"|"AA00032"|""|293|1
"S012493"|"N"|""|""|""|""|"20140714"|""|""|""|"20140714112603"|"AA00032"|""|294|1
"S030277"|"Y"|"School"|"Cathay Pacific CX255"|"50"|"London Heathrow T3"|"20140828"|"0620"|"family acknowledged confirmation"|""|"20140828115354"|"AA00032"|"[18Aug14] req to sch"|361|1
"S030183"|"N"|""|""|""|""|"20140714"|""|""|""|"20140714112723"|"AA00032"|""|296|1
"S010863"|"N"|""|""|""|""|"20140714"|""|""|""|"20140714112732"|"AA00032"|""|297|1
"S007151"|"N"|""|""|""|""|"20140714"|""|""|""|"20140714112747"|"AA00032"|""|298|1
"S030597"|"N"|""|""|""|""|"20140714"|""|""|""|"20140714112759"|"AA00032"|""|299|1
"S012607"|"N"|""|""|""|""|"20140714"|""|""|""|"20140714112808"|"AA00032"|""|300|1
"S012433"|"N"|""|""|""|""|"20140714"|""|""|""|"20140714112826"|"AA00032"|""|301|1
"S030517"|"N"|""|""|""|""|"20140714"|""|""|""|"20140714112840"|"AA00032"|""|302|1
"S012393"|"N"|""|""|""|""|"20140714"|""|""|""|"20140714112905"|"AA00032"|""|303|1
"S030891"|"N"|""|""|""|""|"20140714"|""|""|""|"20140714112911"|"AA00032"|""|304|1
"S031236"|"N"|""|"Emirate EK381"|""|"Dubai T3"|"20140828"|"0435"|"itin received"|""|"20140828115648"|"AA00032"|""|57|1
"S011119"|"N"|""|""|""|""|"20140714"|""|""|""|"20140714113134"|"AA00032"|""|306|1
"S030791"|"N"|""|""|""|""|"20140714"|""|""|""|"20140714113235"|"AA00032"|""|307|1
"S012307"|"N"|""|""|""|""|"20140714"|""|""|""|"20140714113257"|"AA00032"|""|308|1
"S031236"|"Y"|"School"|"Emirate EK001"|"50"|"London Heathrow T3"|"20140828"|"1215"|"family acknowledged confirmation"|""|"20140828115651"|"AA00032"|"[16Aug14] ask stu contact no.
[15Aug14] fwd to ben/ chase
[5Aug14] req to sch"|57|2
"S001408"|"N"|""|""|""|""|"20140714"|""|""|""|"20140714113535"|"AA00032"|""|310|1
"S008883"|"N"|""|""|""|""|"20140714"|""|""|""|"20140714113543"|"AA00032"|""|311|1
"S006747"|"N"|""|"Emirate EK0383"|""|"Dubai T3"|"20140831"|"2310"|""|""|"20140828115715"|"AA00032"|""|358|1
"S012414"|"N"|""|""|""|""|"20140714"|""|""|""|"20140714113623"|"AA00032"|""|313|1
"S030533"|"N"|""|""|""|""|"20140714"|""|""|""|"20140714114023"|"AA00032"|""|314|1
"S012411"|"N"|""|""|""|""|"20140714"|""|""|""|"20140714114044"|"AA00032"|""|315|1
"S012651"|"N"|""|""|""|""|"20140714"|""|""|""|"20140714114052"|"AA00032"|""|316|1
"S012570"|"N"|""|""|""|""|"20140714"|""|""|""|"20140714114111"|"AA00032"|""|317|1
"S030894"|"N"|""|""|""|""|"20140714"|""|""|""|"20140714114127"|"AA00032"|""|318|1
"S030229"|"N"|""|""|""|""|"20140714"|""|""|""|"20140714114134"|"AA00032"|""|319|1
"S011411"|"N"|""|""|""|""|"20140714"|""|""|""|"20140714114142"|"AA00032"|""|320|1
"S006747"|"Y"|"School"|"Emirate EK0007"|"190"|"London Heathrow T3"|"20140901"|"0700"|"family acknowledged confirmation"|""|"20140828115718"|"AA00032"|"[13Aug14] req to sch"|358|2
"S030448"|"N"|""|""|""|""|"20140714"|""|""|""|"20140714114208"|"AA00032"|""|322|1
"S030213"|"N"|""|""|""|""|"20140714"|""|""|""|"20140714114215"|"AA00032"|""|323|1
"S030611"|"N"|""|""|""|""|"20140714"|""|""|""|"20140714114523"|"AA00032"|""|325|1
"S030344"|"N"|""|""|""|""|"20140714"|""|""|""|"20140714114548"|"AA00032"|""|326|1
"S006457"|"N"|""|""|""|""|"20140714"|""|""|""|"20140714114555"|"AA00032"|""|327|1
"S031379"|"N"|""|""|""|""|"20140714"|""|""|""|"20140714114612"|"AA00032"|""|328|1
"S030620"|"N"|""|""|""|""|"20140714"|""|""|""|"20140714114620"|"AA00032"|""|329|1
"S011522"|"N"|""|""|""|""|"20140714"|""|""|""|"20140714114628"|"AA00032"|""|330|1
"S011459"|"N"|""|""|""|""|"20140714"|""|""|""|"20140714114750"|"AA00032"|""|331|1
"S012308"|"N"|""|""|""|""|"20140714"|""|""|""|"20140714114815"|"AA00032"|""|332|1
"S008153"|"N"|""|""|""|""|"20140714"|""|""|""|"20140714114834"|"AA00032"|""|333|1
"S012276"|"N"|""|""|""|""|"20140714"|""|""|""|"20140714114841"|"AA00032"|""|334|1
"S009620"|"N"|""|""|""|""|"20140714"|""|""|""|"20140714115123"|"AA00032"|""|335|1
"S030625"|"N"|""|""|""|""|"20140714"|""|""|""|"20140714115143"|"AA00032"|""|336|1
"S012530"|"N"|""|""|""|""|"20140714"|""|""|""|"20140714115151"|"AA00032"|""|337|1
"S030476"|"N"|""|""|""|""|"20140714"|""|""|""|"20140714115200"|"AA00032"|""|338|1
"S009667"|"N"|""|""|""|""|"20140714"|""|""|""|"20140714115228"|"AA00032"|""|339|1
"S031152"|"N"|""|""|""|""|"20140714"|""|""|""|"20140714115326"|"AA00032"|""|340|1
"S012525"|"Y"|"WHG"|"Virgin Atlantic VS201"|""|"London Heathrow T3"|"20140828"|"0525"|"Consultant handle"|""|"20140828120416"|"AA00032"|"[19Aug14] chase
[16Aug14] chase
[5Aug14] req to whg/ frm host fam to sch on 29Aug"|343|1
"S004785"|"N"|""|""|""|""|"20140714"|""|""|""|"20140714115348"|"AA00032"|""|342|1
"S030367"|"N"|""|"Emirate EK383"|""|"Dubai T3"|"20140902"|"2310"|""|""|"20140828122817"|"AA00032"|""|324|1
"S030477"|"N"|""|""|""|""|"20140714"|""|""|""|"20140714115420"|"AA00032"|""|344|1
"S030302"|"N"|""|""|""|""|"20140714"|""|""|""|"20140714115442"|"AA00032"|""|345|1
"S030538"|"N"|""|""|""|""|"20140714"|""|""|""|"20140714115500"|"AA00032"|""|346|1
"S030865"|"N"|""|""|""|""|"20140714"|""|""|""|"20140714115507"|"AA00032"|""|347|1
"S012491"|"N"|""|""|""|""|"20140714"|""|""|""|"20140714115515"|"AA00032"|""|348|1
"S030367"|"Y"|"School"|"Emirate EK007"|""|"London Heathrow T3"|"20140903"|"0700"|"family acknowledged confirmation"|""|"20140828122822"|"AA00032"|"[15Aug14] travel form to sch
[12Aug14] sch asks to complete travel form
[4Aug14] req to sch"|324|2
"S011693"|"N"|""|""|""|""|"20140714"|""|""|""|"20140714115547"|"AA00032"|""|350|1
"S012475"|"N"|""|""|""|""|"20140714"|""|""|""|"20140714115556"|"AA00032"|""|351|1
"S030276"|"N"|""|"Emirate EK381"|""|"Dubai T3"|"20140831"|"0435"|"Consultant handle"|""|"20140828124103"|"AA00032"|""|309|1
"S030276"|"Y"|"WHG"|"Emirate EK1"|""|"London Heathrow T3"|"20140831"|"1215"|"Consultant handle"|""|"20140828124105"|"AA00032"|"[19Aug14] chase
[16Aug14] chase
[5Aug14] req to WHG, travel with 8956 Liam YUEN"|309|2
"S009525"|"Y"|"School"|"Cathay Pacific CX257"|"60"|"London Heathrow T3"|"20140910"|"1505"|"family acknowledged confirmation"|""|"20140819115500"|"AA00032"|"[19Aug14] p call n received email
[12Aug14] sch ask if stu can arrive at T5 at 1500
[11Aug14] ask sch to pick up, group pickup"|357|1
"S031848"|"Y"|"School"|"Cathay Pacific CX255"|"0"|"London Heathrow T3"|"20140902"|"0620"|"family acknowledged confirmation"|""|"20140819161027"|"AA00032"|"[19Aug14] will re contact no. later
[18Aug14] req to sch"|362|1
"S012343"|"Y"|"WHG"|"Aeroflot Russian Airlines SU2584"|"85"|"London Heathrow"|"20140902"|"2125"|"family acknowledged confirmation"|""|"20140820123911"|"AA00032"|"[16Aug14] chase
[8Aug14] req to WHG/ ask if the stu wants to go to the host family on arrival
[7Aug14] email ask if need pickup
[5Aug14] voicemail"|349|2
"S030856"|"Y"|"School"|"Cathay Pacific CX251"|""|"London Heathrow T3"|"20140902"|"0540"|"confirmation emailed family"|""|"20140820185941"|"AA00032"|"[18Aug14] req to sch"|363|1
"S030451"|"N"|""|"Cathay Pacific CX237"|""|"London Heathrow T3"|"20140831"|"0620"|""|""|"20140722164301"|"AA00032"|""|267|1
"S012618"|"Y"|"School"|"Cathay Pacific CX251"|""|"London Heathrow T3"|"20140830"|"0540"|"family acknowledged confirmation"|""|"20140818101348"|"AA00032"|"[15Aug14] req to sch
Travel alone, coach service"|231|1
"S030251"|"Y"|"School"|"British Airways BA28"|"45"|"London Heathrow T5"|"20140828"|"0535"|"family acknowledged confirmation"|""|"20140819102058"|"AA00032"|"[15Aug14] req to sch/ will back on 19"|359|1
"S031028"|"Y"|"School"|"Virgin Atlantic VS201"|"79"|"London Heathrow T3"|"20140831"|"0525"|"family acknowledged confirmation"|""|"20140816151752"|"AA00032"|"[5Aug14] confirmation frm sch/ will provide driver's details later"|353|1
"S030678"|"Y"|"School"|"Emirate EK0017"|"55"|"Manchester T1"|"20140831"|"1155"|"family acknowledged confirmation"|"share taxi if there are students going back at the same time"|"20140816151908"|"AA00032"|"[5Aug14] req to sch"|34|2
"S010986"|"Y"|"Quest"|"Cathay Pacific CX251"|"80+VAT"|"London Heathrow T3"|"20140901"|"0540"|"family acknowledged confirmation"|""|"20140816151944"|"AA00032"|"[7Aug14] ask abt the cost
[5Aug14] req to q
from airport to hotel:
Park Inn - 2 St. Mary's Street, Bedford MK42 0AR"|257|1
"S012035"|"Y"|"School"|"Cathay Pacific CX255"|"135"|"London Heathrow T3"|"20140910"|"0620"|"family acknowledged confirmation"|""|"20140816160500"|"AA00032"|"[4Aug14] req to sch"|354|1
"S031115"|"Y"|"School"|"British Airways BA28"|"15-20"|"London Heathrow T5"|"20140902"|"0535"|"family acknowledged confirmation"|"will be added to sch bill"|"20140816165845"|"AA00032"|"[5Aug14] will send us the driver's details once available
[4Aug14] req to sch"|141|1
"S011517"|"Y"|"School"|"British Airways BA28"|""|"London Heathrow T5"|"20140830"|"0535"|"family acknowledged confirmation"|""|"20140816170645"|"AA00032"|"[15Aug14] req to sch"|238|1
"S031310"|"N"|""|"Cathay Pacific CX251"|""|"London Heathrow T3"|"20140902"|"0540"|"itin received"|""|"20140815100420"|"AA00032"|"[5Aug14] will reply on friday to see if they join the coach
[1Aug14] asking Mrs Pang to cfm if they require transfer service for Jacob only or with family member, before sending the request to sch
will send later"|258|1
"S011347"|"N"|""|""|""|""|"20140711"|""|""|""|"20140808114656"|"AA00032"|"[7Aug14]email & voicemail"|24|1
"S011869"|"N"|""|"Cathay Pacific CX239"|""|"London Heathrow T3"|"20140827"|"1810"|"itin received"|""|"20140807153614"|"AA00032"|""|48|1
"S030736"|"N"|""|"Cathay Pacific CX255"|""|"London Heathrow T3"|"20140828"|"0620"|"itin received"|""|"20140805165430"|"AA00032"|""|30|1
"S031243"|"N"|""|""|""|""|"20140712"|""|""|""|"20140805171508"|"AA00032"|"will send itin on 29July"|51|1
"S012637"|"Y"|"School"|""|""|""|"20140714"|""|"Family self-arrange"|""|"20140801104620"|"AA00003"|"[29Jul14] family sent request and received confirmation from sch direct
will send later 26July"|201|1
"S009822"|"N"|""|"Singapore Airlines SQ865"|""|"Singapore"|"20140829"|"2240"|"itin received"|""|"20140804102040"|"AA00032"|""|61|1
"S009822"|"N"|""|"Singapore Airlines SQ322"|""|"London Heathrow"|"20140830"|"0555"|"itin received"|""|"20140804102042"|"AA00032"|""|61|2
"S012619"|"N"|""|"British Airways BA26"|""|"London Heathrow T5"|"20140903"|"0455"|""|""|"20140804112346"|"AA00032"|"voicemail on 26July"|8|1
"S011666"|"N"|""|"Virgin Atlantic VS201"|""|"London Heathrow T3"|"20140829"|""|""|""|"20140804112549"|"AA00032"|"voicemail on 26July"|103|1
"S031043"|"N"|""|""|""|""|"20140714"|""|""|""|"20140804163133"|"AA00032"|"voicemail on 4Aug"|276|1
"S006369"|"N"|""|""|""|""|"20150328"|""|""|""|"20150328154752"|"AA00003"|""|371|1
"S006369"|"N"|""|""|""|""|"20150328"|""|""|""|"20150328154753"|"AA00003"|""|371|2
"S006369"|"N"|""|""|""|""|"20150328"|""|""|""|"20150328154753"|"AA00003"|""|371|3
"S006369"|"N"|""|""|""|""|"20150328"|""|""|""|"20150328154754"|"AA00003"|""|371|4
"S006369"|"N"|""|""|""|""|"20150328"|""|""|""|"20150328154754"|"AA00003"|""|371|5
"S006369"|"N"|""|""|""|""|"20150328"|""|""|""|"20150328154755"|"AA00003"|""|371|6
"S012209"|"N"|""|""|""|""|"20140711"|""|""|""|"20140726151732"|"AA00032"|""|26|1
"S006369"|"N"|""|""|""|""|"20150328"|""|""|""|"20150328154755"|"AA00003"|""|371|7
"S006369"|"N"|""|""|""|""|"20150328"|""|""|""|"20150328154755"|"AA00003"|""|371|8
"S006369"|"N"|""|""|""|""|"20150328"|""|""|""|"20150328154756"|"AA00003"|""|371|9
"S012517"|"N"|""|""|""|""|"20140712"|""|""|""|"20140726152857"|"AA00032"|""|45|1
"S031341"|"N"|""|""|""|""|"20140712"|""|""|""|"20140726153242"|"AA00032"|""|55|1
"S030622"|"N"|""|""|""|""|"20140712"|""|""|""|"20140726153738"|"AA00032"|""|66|1
"S031337"|"N"|""|""|""|""|"20140712"|""|""|""|"20140726154456"|"AA00032"|""|111|1
"S006369"|"N"|""|"Emirate"|""|"Dubai"|"20150830"|"0700"|""|""|"20150328155134"|"AA00003"|""|372|1
"S006369"|"Y"|""|"Emirate"|""|"London Heathrow T3"|"20150830"|"1030"|""|""|"20150328155137"|"AA00003"|""|372|2
"S031400"|"N"|""|""|""|""|"20140712"|""|""|""|"20140726155453"|"AA00032"|"voicemail on 26July"|169|1
"S031070"|"N"|""|""|""|""|"20140714"|""|""|""|"20140726161028"|"AA00032"|"voicemail on 26July"|243|1
"S031127"|"N"|""|""|""|""|"20140714"|""|""|""|"20140726162013"|"AA00032"|""|341|1
"S031158"|"N"|""|"British Airways BA28"|""|"London Heathrow T5"|"20140830"|"0535"|""|""|"20140726163617"|"AA00032"|""|165|1
"S032419"|"N"|""|""|""|""|"20150722"|""|"Family self-arrange"|"Appointed Guardian: 
Sheila Barnes
017320355631
07713409499"|"20150722153852"|"AA00032"|""|445|1
"S033992"|"Y"|""|"British Airways BA32"|""|"London Heathrow T5"|"20160828"|"04:50"|""|""|"20160727152428"|"AA00065"|"Student will travel alone"|466|1
"S006369"|"Y"|""|"British Airways"|""|"Manchester T3"|"20150901"|"1000"|""|""|"20150811151728"|"AA00065"|""|450|2
"S006369"|"Y"|""|"British Airways"|""|"Manchester T1"|"20150613"|""|""|""|"20150613124243"|"AA00003"|""|373|2
"S006369"|"N"|""|"British Airways"|""|"London Heathrow T5"|"20150613"|""|"request made"|""|"20150613124334"|"AA00003"|"join UM"|373|1
"S034770"|"Y"|""|"Cathay Pacific CX 357"|""|"Manchester T2"|"20170417"|"0650"|""|""|"20170216112540"|"AA00066"|"Unaccompanied Minor Assistance confirmed"|475|1
"S006369"|"N"|""|"British Airways"|"500"|"London Heathrow T5"|"20150901"|"0525"|"confirmation emailed family"|"TESTING"|"20150814101804"|"AA00065"|"will change flight"|450|1
"S006369"|"Y"|"WHG"|"Cathay Pacific"|""|"England"|"20150905"|"1000"|"itin received"|"swqwdq"|"20150703110923"|""|"Remark"|374|2
"S035100"|"Y"|""|"CX 255"|""|"London Heathrow T3"|"20170904"|"0620"|""|""|"20170722144306"|"AA00072"|""|477|1
"S031673"|"Y"|"School"|""|""|""|"20150714"|""|"sch/guardian cfm booking will be made"|""|"20150714130616"|"AA00032"|""|412|1
"S035551"|"Y"|""|""|""|""|"20180817"|""|""|""|"20180817145540"|"AA00080"|"P contacts with school and Mrs Neale will handle it"|491|1
"S032774"|"Y"|"School"|""|""|""|"20150714"|""|"sch/guardian cfm booking will be made"|""|"20150714130633"|"AA00032"|""|413|1
"S006369"|"N"|""|""|""|""|"20150703"|""|""|""|"20150703112410"|""|""|375|2
"S032554"|"Y"|"School"|""|""|""|"20150714"|""|"sch/guardian cfm booking will be made"|""|"20150714130647"|"AA00032"|""|414|1
"S031335"|"Y"|"School"|"British Airways BA28"|""|"London Heathrow T5"|"20150905"|"0535"|"sch/guardian cfm booking will be made"|""|"20150811183759"|"AA00064"|""|451|1
"S035399"|"Y"|"WHG"|"Emirate"|"Taxi: £228 + Host family: 225"|"London Heathrow T3"|"20180830"|"14:25"|"confirmation emailed family"|"Pickup Person: Mr Ken WILLIAMS from Wings Airport Transfer
Contact No: + 44 (0) 7770 807408 (Ken's mobile) / + 44 (0) 1785 716666 (Wings office number)
Meeting Point: Virgin Limo Desk (Heathrow T3) 
Cost:  £180 plus VAT (£36) plus parking fee (probably £11.20)
Payment method: Added to the bill

Remarks:
 Angus cannot return to the school until 4/9, so he has to stay with host family during 30/8 - 4/9
The Host Family: Mr and Mrs Tomlinson, 2 Highlands, Stafford, ST17 9RE and Mrs Tomlinson’s mobile number is +44 (0) 7884 341 700.
cost:  £61 for the first night then £41 for each subsequent night, including all meals.
Ruth will take Angus to the school on 4th SEP"|"20180818102142"|"AA00080"|"EK029
Angus will travel alone"|489|1
"S031981"|"N"|""|"Air France AF1680"|""|"London Heathrow T4"|"20150726"|"0750"|"sch/guardian cfm booking will be made"|"Mr Paul Fletcher
07846188651
College contact number: 02920493121"|"20150722154456"|"AA00032"|"School's organised 
26.July.2015
Heathrow T3
9am"|446|1
"S032006"|"Y"|"School"|""|""|""|"20150714"|""|"sch/guardian cfm booking will be made"|""|"20150714130707"|"AA00032"|""|418|1
"S030555"|"Y"|"School"|"Cathay Pacific CX255"|""|"London Heathrow T3"|"20150828"|"0620"|"sch/guardian cfm booking will be made"|""|"20150722153450"|"AA00032"|""|444|1
"S034239"|"Y"|"School"|"Virgin Atlantic VS207"|""|"London Heathrow T3"|"20160831"|"0530"|"details confirmed"|"a place has been reserved on the school transfer service for Cheuk Lam Rachel from London Heathrow Terminal 3 on 31 August and the emergency contact details will be confirmed shortly"|"20160824174658"|"AA00066"|""|467|1
"S033040"|"Y"|""|"BA 32 + BA1382"|""|"Manchester T2"|"20170904"|"0745"|""|""|"20170722152449"|"AA00072"|""|478|1
"S031202"|"N"|""|""|""|"Heathrow T3"|"20170831"|"8.30"|"confirmation emailed family"|"20170821: mum called to cancel airport pickup service as they have friend taking Elvis to school. B ed to schoo
Bromsgrove staff will be waiting at the arrivals meeting point with a sign.   Student need to look out for the board as they enter arrival hall."|"20170821152525"|"AA00007"|"20170821: mum called to cancel airport pickup service as they have friend taking Elvis to school. B ed to school
Elvis will arrive two days earlier and stay with guardian.  Will go back to Heathrow to join the school coach on 31 August, Heathrow T3 at 8.30am"|481|1
"S006369"|"N"|""|"Air France"|"100"|"Bristol"|"20150703"|"06:00"|"details confirmed"|"arrival"|"20150703113543"|""|""|376|2
"S006369"|"N"|""|""|""|""|"20150703"|""|""|""|"20150703113546"|""|""|376|3
"S006369"|"N"|""|""|""|""|"20150703"|""|""|""|"20150703113547"|""|""|376|4
"S033130"|"Y"|""|"Cathay Pacific CX0343"|""|"London Gatwick Terminal S"|"20160904"|"0630"|""|""|"20160826173557"|"AA00066"|""|473|2
"S031016"|"Y"|"Quest"|""|""|""|"20150714"|""|"sch/guardian cfm booking will be made"|"Guardianship Company"|"20150714130723"|"AA00032"|""|419|1
"S033130"|"N"|""|"Cathay Pacific CX0912"|""|"Hong Kong International Terminal 1"|"20160903"|"1045"|"confirmation emailed family"|"Whg confirmed they have arranged Streamline taxis 01273 202020 to pick up Jeremy from Gatwick Airport on 4th September to take him to Lancing College.  The Driver will be waiting at arrivals with a Whitehouse Board with Jeremy's name on it.  As soon as they have the Drivers name and mobile number they will pass this information to us.

The payment for this trip will be deducted from the lodgment held by Head Office."|"20160826181845"|"AA00066"|""|473|1
"S032754"|"Y"|"School"|""|""|""|"20150714"|""|"sch/guardian cfm booking will be made"|""|"20150714130740"|"AA00032"|""|420|1
"S030542"|"Y"|"WHG"|""|""|""|"20150714"|""|"sch/guardian cfm booking will be made"|"Guardianship Company"|"20150714130753"|"AA00032"|""|422|1
"S031680"|"Y"|"School"|"Virgin Atlantic VS 207"|""|"London Heathrow T3"|"20150906"|"0525"|"sch/guardian cfm booking will be made"|""|"20150801113214"|"AA00064"|""|449|1
"S006369"|"N"|""|"British Airways"|""|"France"|"20150903"|"1100"|""|""|"20150703124531"|"AA00061"|""|374|1
"S006369"|"N"|""|""|""|""|"20150713"|""|""|""|"20150713143027"|"AA00032"|""|393|2
"S011966"|"Y"|"School"|"British Airways BA26"|""|"London Heathrow T5"|"20150903"|"04:45"|"sch/guardian cfm booking will be made"|""|"20150715153036"|"AA00032"|""|442|1
"S032824"|"Y"|"School"|"Cathay Pacific CX255"|""|"London Heathrow T3"|"20150915"|"0620"|"sch/guardian cfm booking will be made"|""|"20150727154637"|"AA00064"|""|440|1
"S034988"|"Y"|""|"British Airways"|""|"London Heathrow T5"|"20170826"|""|""|""|"20170722164654"|"AA00072"|"BA 32"|479|1
"S033295"|"Y"|""|"Stobart Air BE811"|""|"Isle of Man Ronaldsway"|"20160905"|"0930"|""|""|"20160830144559"|"AA00066"|""|474|2
"S007208"|"N"|""|"British Airways"|""|"London Heathrow T5"|"20150905"|"0520"|""|""|"20150904125521"|"AA00003"|"will change flight to Manchester"|452|1
"S006369"|"Y"|"School"|"Cathay Pacific CX450"|""|"London Heathrow T5"|"20150907"|"0500"|"sch/guardian cfm booking will be made"|"Terminal 5 arrival lobby"|"20150710125834"|"AA00061"|""|384|1
"S007208"|"Y"|"School"|"British Airways"|"30"|"Manchester T1"|"20150905"|"1040"|"details confirmed"|"information counter
Mr Wood, Admissions Secreatary"|"20150904125626"|"AA00003"|""|452|2
"S006369"|"N"|""|""|""|""|"20150710"|""|""|""|"20150710130214"|"AA00061"|""|386|3
"S036495"|"Y"|"School"|"British Airways"|"27.2 GBP per person (School bus) + £170 approx. (taxi fare)"|"London Heathrow T5"|"20180904"|"04:50"|"family acknowledged confirmation"|"Mr Steve Page, Transport Manager, 07866 836324
Meeting Point: London Heathrow T3

Remarks: 
Chi Lok's father request for pickup service sending him back to London, the school will arrange a taxi for him
Taxi driver: Ady Warne from Warne Cars
Meeting Point: front of the college
Contact no: 07946 088130 - Ady's number
Transport cost per person: £170 approx. (Added to the School Bill)"|"20180816101104"|"AA00080"|"BA032
Chi Lok's father will accompany with him"|485|1
"S036553"|"Y"|"Quest"|"Cathay Pacific"|""|"London Heathrow T3"|"20180903"|"15:15"|"family acknowledged confirmation"|"Remarks:
Yingle will need to stay at a host family for one night accomodation on 3/9

Quest send their own confirmation to P"|"20180822171352"|"AA00080"|"CX257

Yingle will travel alone"|484|1
"S033908"|"Y"|""|"British Airways BA 28"|""|"London Heathrow T5"|"20160901"|"0535"|""|""|"20160816112746"|"AA00066"|""|470|1
"S034041"|"Y"|"School"|"British Airways BA 32"|"GBP55"|"London Heathrow T5"|"20160904"|"0450"|"details confirmed"|"Mrs Lynette Harris will meet Luca from his flight. She will be at the arrivals meeting point holding a Bromsgrove school board.  

The emergency contact number is 07584 315977.

The cost of the transfer will go onto Luca's school bill."|"20160812173918"|"AA00066"|""|468|1
"S036670"|"Y"|"School"|"Cathay Pacific"|""|"London Heathrow T3"|"20180905"|"5:40am"|"request made"|"arrange in mid-Aug"|"20180804144331"|"AA00080"|"CX 251"|483|1
"S033295"|"N"|""|"Cathay Pacific CX357"|""|"Manchester INTL Terminal 2"|"20160905"|"0650"|"confirmation emailed family"|"Emmett will be met at Ronaldsway airport by Mrs Wendy Lang, Housemother of Colbourne House. Her  mobile number is +4407624 493608. She will also be collecting other students from Arrivals in the minivan with the KWC logo."|"20160830174624"|"AA00066"|""|474|1
"S006369"|"Y"|""|"Emirate"|""|"Birmingham"|"20150710"|"1400"|""|""|"20150710134029"|"AA00061"|""|389|1
"S006369"|"N"|""|""|""|""|"20150710"|""|""|""|"20150710134227"|"AA00061"|""|390|2
"S006369"|"N"|""|"Cathay Pacific CX450"|""|"London Heathrow T1"|"20150903"|"0500"|"sch/guardian cfm booking will be made"|"Terminal 1 arrvial lobby"|"20150710144548"|"AA00061"|""|385|1
"S007208"|"N"|""|"British Airways"|""|"London Heathrow T3"|"20170905"|""|"booking made & awt contact details"|""|"20170522144644"|"AA00073"|""|476|1
"S034025"|"Y"|""|"British Airways BA0028"|""|"London Heathrow T5"|"20160904"|"0535"|""|""|"20160718105939"|"AA00007"|""|455|1
"S033991"|"Y"|"School"|"CX251"|""|"Heathrow T3"|"20170805"|"0540"|"confirmation emailed family"|"Bromsgrove staff will be waiting at the arrivals meeting point with a sign.   Student needs to look out for the board as they enter arrival hall."|"20170805152730"|"AA00073"|""|482|1
"S033700"|"Y"|""|"Virgin Atlantic VS207"|""|"London Heathrow T3"|"20160905"|"0530"|""|""|"20160718151007"|"AA00066"|""|457|1
"S006369"|"N"|""|"Cathay Pacific"|""|"London Heathrow T1"|"20150903"|"0500"|""|""|"20150713143026"|"AA00032"|""|393|1
"S006369"|"Y"|""|"British Airways"|""|"Manchester T1"|"20150713"|"1200"|""|""|"20150713143039"|"AA00032"|""|392|2
"S031390"|"Y"|"School"|""|""|""|"20150715"|""|"sch/guardian cfm booking will be made"|""|"20150715153114"|"AA00032"|""|443|1
"S030416"|"Y"|"WHG"|"British Airways BA 28"|""|"London Heathrow T5"|"20150902"|"0535"|"sch/guardian cfm booking will be made"|""|"20150731181813"|"AA00064"|""|447|1
"S006369"|"N"|""|"Air France"|"100"|"London"|"20150903"|"5:00"|"sch/guardian cfm booking will be made"|"airport t3"|"20150713143132"|"AA00032"|""|394|2
"S006369"|"Y"|""|"British Airways"|""|"London Heathrow T5"|"20160104"|"0520"|""|""|"20151015174041"|"AA00003"|""|453|1
"S033563"|"Y"|"Quest"|"Cathay Pacific CX255"|""|"London Heathrow T3"|"20160904"|"0620"|"family acknowledged confirmation"|"Start	Sunday 04/09/2016 06:20	
Details	collection LHR (T3) flight CX255 and take to the host family.	
Taxi	JMC Monmouth Ltd 01600 890998	

End	Tuesday 06/09/2016 18:00	
Details	collection from host family and take to school.	
Taxi	JMC Monmouth Ltd 01600 890998	

Host Family	BRINKWORTH Sam	
Address	12 Lakenheath 
Kingsway	
	Gloucester	
	Glous GL2 2DX	
Phone	01452 446068	
Host Mobile	07583 381414	
Host Payment"|"20160903104556"|"AA00066"|""|471|1
"S006369"|"N"|""|"British Airways"|""|"London Heathrow T5"|"20151015"|"0520"|""|""|"20151015174337"|"AA00003"|"will change flight"|454|1
"S034151"|"Y"|""|"Cathay Pacific CX255"|""|"London Heathrow T3"|"20160806"|"0620"|""|""|"20160718151239"|"AA00066"|""|458|1
"S012650"|"N"|""|"Emirate EK0383"|"GBP35"|"Dubai INTL Terminal 3"|"20160903"|"2315"|"details confirmed"|"Crystal is included on the Heathrow coach which will transport her to Malvern St James.

The coach will depart at 9am from London Heathrow Terminal 3 arrivals.  Crystal will find the coach escort which will either be Mrs Vivian Jenkinson or Mrs Joan Turner sitting on the seating arrangement just inside Terminal 3 arrivals terminal.

The cost has still to be determined for this coming academic year but will be approximately £35 00 and will be added to the school bill.

The mobile phone number for the escort will be either 07966 186690 or 0796 8032405"|"20160816114222"|"AA00066"|""|469|1
"S011680"|"Y"|"School"|"BA28"|""|"Heathrow T5"|"20170831"|"0535"|"confirmation emailed family"|"Bromsgrove staff will be waiting at the arrivals meeting point with a sign.   Student need to look out for the board as they enter arrival hall."|"20170805154211"|"AA00073"|""|480|1
"S036806"|"Y"|"School"|"British Airways"|"80GBP"|"London Heathrow T5"|"20180912"|"04:50"|"family acknowledged confirmation"|"Pickup person: Amber cars - Mario, 01604 232666 & quote order no: 001
Meeting person: Arrivals area at 05:45
Payment method: cash fare"|"20180816101123"|"AA00080"|"BA032"|487|1
"S031363"|"Y"|"School"|"Cathay Pacific CX0255"|""|"London Heathrow T3"|"20160830"|"0620"|"confirmation emailed family"|"3 seats are reserved for the family on the school coach collecting the boys at 8:00am on Friday 2nd September from Terminal 3 at Heathrow."|"20160823102842"|"AA00066"|"The family will be travelling in UK and would like to be picked up at Heathrow Airport on 2 Sept (Fri)."|462|1
"S035959"|"N"|""|"Cathay Pacific"|""|"London Heathrow T3"|"20180830"|"05:40"|""|""|"20180817145825"|"AA00080"|"CX0251
mother will take her to school"|486|1
"S030444"|"Y"|"School"|"British Airways BA32"|""|"London Heathrow T5"|"20160903"|"0450"|"family acknowledged confirmation"|"Andrew will take the coach from Heathrow (Route L)  which will be leaving from Terminal 3 at 9am on Saturday 3rd September."|"20160823103019"|"AA00066"|""|456|1
"S033782"|"N"|""|""|""|""|"20160719"|""|""|""|"20160719102641"|"AA00007"|""|460|1
"S036150"|"Y"|"Quest"|"Cathay Pacific"|""|"Manchester T2"|"20180829"|"06:55"|"sch/guardian cfm booking will be made"|"Q sent cfm to P
Meeting Point: Manchester T2
Pickup Person: Taxi driver who will hold the the name board in T2's arrival hall
Contact No: (01202) 88 22 99 (during office hours) & emergency contact 07545 502255 (out of office hours)
Cost: Manchester airport to host family -- approximately £88.50 (Single occupancy) 

Remarks: stay with host family during 29/8 - 1/9, cost of host family is £160 from 29/8/18 – 01/09/18
taxi cost - host family to Shrewsbury school -- approximately £70.80 (Single occupancy)"|"20180822182806"|"AA00080"|"CX0219
Athena will travel alone"|488|1
"S031764"|"Y"|""|"British Airways BA 1370"|""|"Manchester T3"|"20160911"|"09:05"|""|""|"20160719103002"|"AA00065"|"Parents request 3 seats for transportation"|459|2
"S031764"|"N"|""|"British Airways BA 032"|""|"London Heathrow T5"|"20160911"|"04:50"|""|""|"20160719103017"|"AA00065"|""|459|1
"S034236"|"Y"|""|"Cathay Pacific CX357"|""|"Manchester T2"|"20160906"|"06:50"|""|""|"20160719123731"|"AA00065"|""|461|1
"S031633"|"Y"|"School"|"Cathay Pacific CX257"|""|"London Heathrow T3"|"20150908"|"15:30"|"sch/guardian cfm booking will be made"|""|"20150714124035"|"AA00032"|""|404|1
"S032910"|"Y"|"School"|"British Airways BA26"|""|"London Heathrow T5"|"20150906"|"04:45"|"sch/guardian cfm booking will be made"|""|"20150714124344"|"AA00032"|""|408|1
"S032911"|"Y"|"School"|"British Airways BA26"|""|"London Heathrow T5"|"20150906"|"04:45"|"sch/guardian cfm booking will be made"|""|"20150714124427"|"AA00032"|""|409|1
"S032441"|"Y"|"School"|"Cathay Pacific CX251"|""|"London Heathrow T3"|"20150828"|"05:40"|"sch/guardian cfm booking will be made"|""|"20150714124701"|"AA00032"|""|415|1
"S033044"|"Y"|"Quest"|"British Airways BA26"|""|"London Heathrow T5"|"20150902"|""|"sch/guardian cfm booking will be made"|"Guardianship Company"|"20150714124912"|"AA00032"|""|416|1
"S012650"|"Y"|""|"Emirate EK0007"|""|"London Heathrow T3"|"20160904"|"0705"|""|""|"20160813115325"|"AA00066"|""|469|2
"S031879"|"N"|""|""|""|""|"20150722"|""|""|""|"20150722152924"|"AA00032"|""|439|2
"S032483"|"Y"|"School"|"Cathay Pacific"|""|"London Heathrow T3"|"20150904"|"07:00"|"sch/guardian cfm booking will be made"|""|"20150714125209"|"AA00032"|""|421|1
"S031728"|"Y"|"School"|"Virgin Atlantic VS207"|""|"London Heathrow T3"|"20150902"|"0525"|"sch/guardian cfm booking will be made"|""|"20150731182517"|"AA00064"|""|448|1
"S031879"|"Y"|"Quest"|"British Airways BA28"|""|"London Heathrow T1"|"20150902"|"0535"|"sch/guardian cfm booking will be made"|"Guardianship Company"|"20150722153004"|"AA00032"|""|439|1
"S011924"|"Y"|"School"|""|""|""|"20150714"|""|"sch/guardian cfm booking will be made"|""|"20150714125317"|"AA00032"|""|423|1
"S031339"|"Y"|"School"|""|""|""|"20150714"|""|"sch/guardian cfm booking will be made"|""|"20150714125334"|"AA00032"|""|424|1
"S032937"|"Y"|"Quest"|"British Airways BA28"|""|"London Heathrow T5"|"20150902"|"0535"|"sch/guardian cfm booking will be made"|""|"20150807100131"|"AA00064"|""|407|1
"S031771"|"Y"|"School"|"Cathay Pacific CX255"|""|"London Heathrow T3"|"20150906"|"0620"|"sch/guardian cfm booking will be made"|""|"20150722153146"|"AA00032"|""|425|1
"S032151"|"Y"|"Quest"|"British Airways"|""|"London Heathrow T2"|"20150830"|""|"sch/guardian cfm booking will be made"|"Guardianship Company"|"20150714125513"|"AA00032"|""|426|1
"S032236"|"Y"|"School"|""|""|""|"20150714"|""|"sch/guardian cfm booking will be made"|""|"20150714125529"|"AA00032"|""|427|1
"S006369"|"Y"|""|"British Airways"|""|"Manchester T1"|"20151015"|"1030"|""|""|"20151015174340"|"AA00003"|""|454|2
"S030803"|"Y"|"School"|"British Airways"|""|"London Heathrow T1"|"20150904"|"05:35"|"sch/guardian cfm booking will be made"|""|"20150714125635"|"AA00032"|"Flight no: HKGLHR"|428|1
"S031403"|"Y"|"Quest"|""|""|""|"20150714"|""|"sch/guardian cfm booking will be made"|"Guardianship Company"|"20150714125659"|"AA00032"|""|429|1
"S032304"|"Y"|"School"|""|""|""|"20150714"|""|"sch/guardian cfm booking will be made"|""|"20150714125724"|"AA00032"|""|430|1
"S032468"|"Y"|"School"|"British Airways BA28"|""|"London Heathrow T5"|"20150914"|"14:20"|"sch/guardian cfm booking will be made"|""|"20150714125808"|"AA00032"|""|431|1
"S032740"|"Y"|"School"|""|""|""|"20150714"|""|"sch/guardian cfm booking will be made"|""|"20150714125825"|"AA00032"|""|432|1
"S031438"|"Y"|"School"|""|""|""|"20150714"|""|"sch/guardian cfm booking will be made"|""|"20150714125845"|"AA00032"|""|433|1
"S032055"|"Y"|"School"|""|""|""|"20150714"|""|"sch/guardian cfm booking will be made"|""|"20150714125859"|"AA00032"|""|434|1
"S032591"|"Y"|"School"|"Cathay Pacific CX357"|""|"London Heathrow T1"|"20150901"|"07:00"|"sch/guardian cfm booking will be made"|""|"20150714125939"|"AA00032"|""|435|1
"S031413"|"Y"|"School"|"British Airways"|""|"London Heathrow T5"|"20150902"|"05:35"|"sch/guardian cfm booking will be made"|""|"20150714130023"|"AA00032"|""|436|1
"S031920"|"Y"|"School"|"Cathay Pacific CX257"|""|"London Heathrow T3"|"20150903"|"15:10"|"sch/guardian cfm booking will be made"|""|"20150714130059"|"AA00032"|""|437|1
"S031061"|"Y"|"School"|"British Airways BA026"|""|"London Heathrow T5"|"20150908"|"04:45"|"sch/guardian cfm booking will be made"|""|"20150714130147"|"AA00032"|""|438|1
"S036966"|"N"|""|""|""|""|"20180904"|""|"itin requested"|""|"20180827150437"|"AA00080"|"TBC"|490|1
"S034016"|"Y"|""|"British Airways BA32"|""|"London Heathrow T5"|"20160904"|"0450"|""|""|"20160720103202"|"AA00066"|""|463|1
"S032050"|"Y"|"WHG"|""|""|""|"20150714"|""|"sch/guardian cfm booking will be made"|"Guardianship Company"|"20150714130241"|"AA00032"|""|441|1
"S031924"|"Y"|"WHG"|""|""|""|"20150714"|""|"sch/guardian cfm booking will be made"|"Guardianship Company"|"20150714130322"|"AA00032"|""|395|1
"S031133"|"Y"|"School"|""|""|""|"20150714"|""|"sch/guardian cfm booking will be made"|""|"20150714130337"|"AA00032"|""|396|1
"S031980"|"Y"|"School"|""|""|""|"20150714"|""|"sch/guardian cfm booking will be made"|""|"20150714130351"|"AA00032"|""|397|1
"S032757"|"Y"|"School"|""|""|""|"20150714"|""|"sch/guardian cfm booking will be made"|""|"20150714130407"|"AA00032"|""|398|1
"S030634"|"Y"|"School"|""|""|""|"20150714"|""|"sch/guardian cfm booking will be made"|""|"20150714130423"|"AA00032"|""|399|1
"S032467"|"Y"|"School"|"British Airways"|""|""|"20150714"|""|"sch/guardian cfm booking will be made"|""|"20150714130437"|"AA00032"|""|400|1
"S033048"|"Y"|"School"|""|""|""|"20150714"|""|"sch/guardian cfm booking will be made"|""|"20150714130450"|"AA00032"|""|402|1
"S032054"|"Y"|"School"|""|""|""|"20150714"|""|"sch/guardian cfm booking will be made"|""|"20150714130500"|"AA00032"|""|403|1
"S032149"|"Y"|"WHG"|""|""|""|"20150714"|""|"sch/guardian cfm booking will be made"|"Guardianship Company"|"20150714130519"|"AA00032"|""|405|1
"S030942"|"Y"|"School"|""|""|""|"20150714"|""|"sch/guardian cfm booking will be made"|""|"20150714130533"|"AA00032"|""|406|1
"S034364"|"Y"|""|"British Airways BA028"|""|"London Heathrow T5"|"20160904"|"05:35"|""|""|"20160720131244"|"AA00065"|""|465|1
"S032984"|"Y"|"School"|""|""|""|"20150714"|""|"sch/guardian cfm booking will be made"|""|"20150714130558"|"AA00032"|""|410|1
"S008482"|"Y"|"School"|""|""|""|"20150714"|""|"sch/guardian cfm booking will be made"|""|"20150714130607"|"AA00032"|""|411|1
"S006369"|"Y"|""|""|""|""|"20190719"|""|""|""|"20190719230413"|""|""|492|1
"S037351"|"Y"|""|"Cathay Pacific"|""|"London Heathrow T3"|"20190804"|"06:20"|""|""|"20190725104135"|"AA00083"|"CX255"|493|1
"S037880"|"Y"|""|""|""|"London Heathrow T3"|"20190901"|"12:00"|""|""|"20190725130345"|"AA00083"|"Etherton Education (Wellington School summer course) will send Anson to Heathrow Airport. Estimated time of arrival will be 11:30AM, so they recommend a collection time of 12:00PM."|494|1
"S037047"|"Y"|""|"Cathay Pacific"|""|"London Heathrow T3"|"20190902"|"0540"|""|""|"20190725152027"|"AA00084"|"CX251
Please arrange pickup together with Kobe's schoolmate Christopher Leung, thank you."|495|1
