"expo_id"|"school_id"|"lastupdate"|"staffid"|"remarks"|"eventremarks"|"regfee"|"payableto"
1|17|"20130825123521"|"AA00003"|""|""|""|""
1|274|"20130825123756"|"AA00003"|""|""|""|""
1|687|"20130825124001"|"AA00003"|""|""|""|""
1|381|"20130911174256"|"AA00003"|""|""|""|""
1|29|"20131003230606"|"AA00003"|""|""|""|""
1|47|"20131012173502"|"AA00003"|""|""|""|""
1|50|"20131012173609"|"AA00003"|""|""|""|""
1|472|"20131012173623"|"AA00003"|""|""|""|""
1|58|"20131012173632"|"AA00003"|""|""|""|""
3|49|"20141111210010"|"AA00003"|""|""|""|""
1|103|"20131012173650"|"AA00003"|""|""|""|""
8|150|"20160916111356"|"AA00070"|""|""|"500"|""
1|655|"20131012173712"|"AA00003"|""|""|""|""
1|134|"20131012173720"|"AA00003"|""|""|""|""
1|150|"20131012173737"|"AA00003"|""|""|""|""
1|250|"20131012173748"|"AA00003"|""|""|""|""
1|251|"20131012173756"|"AA00003"|""|""|""|""
1|258|"20131012173810"|"AA00003"|""|""|""|""
1|313|"20131012173823"|"AA00003"|""|""|""|""
1|322|"20131012173831"|"AA00003"|""|""|""|""
1|413|"20131012173841"|"AA00003"|""|""|""|""
1|380|"20131012173858"|"AA00003"|""|""|""|""
1|524|"20131012173906"|"AA00003"|""|""|""|""
1|597|"20131012173918"|"AA00003"|""|""|""|""
8|543|"20160923130645"|"AA00070"|""|""|"500"|""
1|110|"20140117152730"|"AA00007"|""|""|"500"|""
1|59|"20140117152739"|"AA00007"|""|""|"500"|""
1|101|"20140123153427"|""|""|""|"500"|""
2|36|"20140124111720"|"AA00003"|""|""|"500"|""
2|53|"20140124111802"|"AA00003"|""|""|"500"|""
2|68|"20140124111813"|"AA00003"|""|""|"500"|""
2|576|"20140124111823"|"AA00003"|""|""|"500"|""
2|101|"20140124111834"|"AA00003"|""|""|"500"|""
2|655|"20140124111844"|"AA00003"|""|""|"500"|""
2|150|"20140124111854"|"AA00003"|""|""|"500"|""
2|167|"20140124111907"|"AA00003"|""|""|"500"|""
2|196|"20140124111921"|"AA00003"|""|""|"500"|""
2|197|"20140124111930"|"AA00003"|""|""|"500"|""
2|214|"20140124111939"|"AA00003"|""|""|"500"|""
2|248|"20140124111949"|"AA00003"|""|""|"500"|""
2|259|"20140124112000"|"AA00003"|""|""|"500"|""
2|643|"20140124112015"|"AA00003"|""|""|"500"|""
2|268|"20140124112211"|"AA00003"|""|""|"500"|""
2|394|"20140124112543"|"AA00003"|""|""|"500"|""
2|404|"20140124112601"|"AA00003"|""|""|"500"|""
2|423|"20140124112611"|"AA00003"|""|""|"500"|""
2|554|"20140124112622"|"AA00003"|""|""|"500"|""
2|641|"20140124112630"|"AA00003"|""|""|"500"|""
5|30011|"20150121114605"|"AA00003"|""|""|"500"|""
5|55|"20150121114612"|"AA00003"|""|""|"500"|""
5|177|"20150121114649"|"AA00003"|""|""|"500"|""
5|192|"20150121114658"|"AA00003"|""|""|"500"|""
5|214|"20150121114708"|"AA00003"|""|""|"500"|""
5|268|"20150121114823"|"AA00003"|""|""|"500"|""
5|554|"20150121115151"|"AA00003"|""|""|"500"|""
5|597|"20150121115246"|"AA00003"|""|""|"500"|""
9|53|"20161212124318"|"AA00070"|""|""|"500"|""
9|68|"20161212124341"|"AA00070"|""|""|"500"|""
9|185|"20161212124349"|"AA00070"|""|""|"500"|""
3|139|"20141028204150"|"AA00003"|""|""|""|""
3|110|"20141024205530"|"AA00003"|""|""|"500"|""
9|389|"20161212124429"|"AA00070"|""|""|"500"|""
3|103|"20141024205535"|"AA00003"|""|""|"500"|""
5|36|"20150121114437"|"AA00003"|""|""|"500"|""
3|655|"20141024205543"|"AA00003"|""|""|"500"|""
4|687|"20140911111019"|"AA00003"|""|""|""|""
5|68|"20150121114624"|"AA00003"|""|""|"500"|""
3|17|"20141024205549"|"AA00003"|""|""|"500"|""
5|167|"20150121114638"|"AA00003"|""|""|"500"|""
3|134|"20141024205554"|"AA00003"|""|""|"500"|""
5|259|"20150121114721"|"AA00003"|""|""|"500"|""
3|29|"20141024205508"|"AA00003"|""|""|"500"|""
3|140|"20141024205604"|"AA00003"|""|""|"500"|""
3|50|"20141024205514"|"AA00003"|""|""|"500"|""
9|30021|"20161212124440"|"AA00070"|""|""|"500"|""
3|58|"20141024205519"|"AA00003"|""|""|"500"|""
3|59|"20141024205524"|"AA00003"|""|""|"500"|""
9|423|"20161212124448"|"AA00070"|""|""|"500"|""
8|159|"20160916130759"|"AA00070"|""|""|"500"|""
9|59|"20161212124330"|"AA00070"|""|""|"500"|""
9|430|"20161212124459"|"AA00070"|""|""|"500"|""
8|471|"20161026164453"|"AA00070"|""|"Come with Eastbourne"|"500"|""
9|344|"20161220180740"|"AA00070"|""|""|"500"|""
10|323|"20170814105136"|"AA00070"|""|""|"500"|""
3|211|"20141024205612"|"AA00003"|""|""|"500"|""
9|362|"20170110172928"|"AA00070"|""|""|"500"|""
3|150|"20141024205616"|"AA00003"|""|""|"500"|""
9|200|"20170113104903"|"AA00070"|""|""|"500"|""
3|218|"20141024205625"|"AA00003"|""|""|"500"|""
9|404|"20170117175451"|"AA00070"|""|""|"500"|""
3|250|"20141024212525"|"AA00003"|""|""|"500"|""
5|261|"20150121114832"|"AA00003"|""|""|"500"|""
3|251|"20141024212530"|"AA00003"|""|""|"500"|""
3|257|"20141024212536"|"AA00003"|""|""|"500"|""
5|262|"20150121114838"|"AA00003"|""|""|"500"|""
3|258|"20141024212545"|"AA00003"|""|""|"500"|""
11|200|"20180120123650"|"AA00079"|""|""|"500"|""
3|322|"20141024212550"|"AA00003"|""|""|"500"|""
3|323|"20141024212555"|"AA00003"|""|""|"500"|""
5|271|"20150121114847"|"AA00003"|""|""|"500"|""
3|380|"20141024212600"|"AA00003"|""|""|"500"|""
5|303|"20150121114905"|"AA00003"|""|""|"500"|""
3|412|"20141024212605"|"AA00003"|""|""|"500"|""
5|288|"20150121114916"|"AA00003"|""|""|"500"|""
3|413|"20141024212611"|"AA00003"|""|""|"500"|""
5|248|"20150121114923"|"AA00003"|""|""|"500"|""
3|611|"20141024212617"|"AA00003"|""|""|"500"|""
3|524|"20141024212633"|"AA00003"|""|""|"500"|""
3|607|"20141024212640"|"AA00003"|""|""|"500"|""
5|328|"20150121115005"|"AA00003"|""|""|"500"|""
3|687|"20141024212644"|"AA00003"|""|""|"500"|""
5|344|"20150121115023"|"AA00003"|""|""|"500"|""
5|394|"20150121115031"|"AA00003"|""|""|"500"|""
5|404|"20150121115039"|"AA00003"|""|""|"500"|""
5|30021|"20150121115050"|"AA00003"|""|""|"500"|""
5|631|"20150121115120"|"AA00003"|""|""|"500"|""
5|641|"20150121115217"|"AA00003"|""|""|"500"|""
5|593|"20150121115232"|"AA00003"|""|""|"500"|""
5|483|"20150121115239"|"AA00003"|""|""|"500"|""
11|302|"20180120123709"|"AA00079"|""|""|"500"|""
7|55|"20160218111835"|"AA00062"|""|""|"0"|""
10|686|"20170927122423"|"AA00070"|""|""|"500"|""
7|192|"20160218111928"|"AA00062"|"interested in"|""|"500"|""
11|362|"20180120123835"|"AA00079"|""|""|"500"|""
7|197|"20160218111940"|"AA00062"|""|""|"500"|""
11|124|"20180120123619"|"AA00079"|""|""|"500"|""
11|373|"20180120123852"|"AA00079"|""|""|"500"|""
7|291|"20160218111959"|"AA00062"|""|""|"500"|""
10|36|"20170624103843"|"AA00070"|""|""|"500"|""
7|344|"20160218112013"|"AA00062"|""|""|"500"|""
11|389|"20180120123908"|"AA00079"|""|""|"500"|""
7|394|"20160218112026"|"AA00062"|""|""|"500"|""
6|41|"20151014201612"|"AA00007"|"interested"|""|"500"|""
6|50|"20151014201625"|"AA00007"|"interested"|""|"500"|""
7|30021|"20160218112042"|"AA00062"|"interested"|""|"500"|""
6|58|"20151014201634"|"AA00007"|""|""|"500"|""
10|41|"20170624103851"|"AA00070"|""|""|"500"|""
6|59|"20151014201642"|"AA00007"|""|""|"500"|""
7|423|"20160218112050"|"AA00062"|""|""|"500"|""
6|103|"20151014201653"|"AA00007"|""|""|"500"|""
11|185|"20180120123635"|"AA00079"|""|""|"500"|""
6|110|"20151014201703"|"AA00007"|""|""|"500"|""
7|554|"20160218112112"|"AA00062"|""|""|"500"|""
6|655|"20151014201709"|"AA00007"|""|""|"500"|""
10|472|"20170624103857"|"AA00070"|""|""|"500"|""
6|17|"20151014201719"|"AA00007"|""|""|"500"|""
8|313|"20161020150401"|"AA00070"|""|""|"500"|""
8|41|"20160916130631"|"AA00070"|""|""|"500"|""
8|36|"20160905163639"|"AA00007"|""|""|"500"|""
6|140|"20151014202014"|"AA00007"|""|""|"500"|""
9|325|"20161212124359"|"AA00070"|""|""|"500"|""
6|150|"20151014202021"|"AA00007"|""|""|"500"|""
9|673|"20161212124408"|"AA00070"|""|""|"500"|""
6|543|"20151014202055"|"AA00007"|""|""|"0"|""
9|373|"20161212124417"|"AA00070"|""|""|"500"|""
10|50|"20170624103902"|"AA00070"|""|""|"500"|""
11|53|"20180120123516"|"AA00079"|""|""|"500"|""
9|504|"20161212124947"|"AA00070"|""|""|"500"|""
7|34|"20160218111824"|"AA00062"|""|""|"500"|""
9|554|"20161212125001"|"AA00070"|""|""|"500"|""
7|30011|"20160218111846"|"AA00062"|""|""|"500"|""
9|577|"20161212125012"|"AA00070"|""|""|"500"|""
7|53|"20160218111857"|"AA00062"|""|""|"500"|""
9|591|"20161212125030"|"AA00070"|""|""|"500"|""
7|68|"20160218111905"|"AA00062"|""|""|"500"|""
6|211|"20151014202502"|"AA00007"|"separate booth from boys school"|""|"500"|""
8|472|"20160916130641"|"AA00070"|""|""|"500"|""
6|250|"20151014202510"|"AA00007"|""|""|"500"|""
7|134|"20160218111912"|"AA00062"|""|""|"500"|""
6|251|"20151014202520"|"AA00007"|""|""|"500"|""
10|159|"20170927122239"|"AA00070"|""|"share booth with St. Andrew"|"500"|""
6|258|"20151014202531"|"AA00007"|""|""|"500"|""
7|259|"20160218111947"|"AA00062"|""|""|"500"|""
6|322|"20151014202537"|"AA00007"|""|""|"500"|""
8|50|"20160916130649"|"AA00070"|""|""|"500"|""
6|323|"20151014202547"|"AA00007"|"separate booth fr girls school"|""|"500"|""
7|328|"20160218112006"|"AA00062"|""|""|"500"|""
6|380|"20151014202554"|"AA00007"|"interested"|""|"500"|""
9|268|"20170110172936"|"AA00070"|""|""|"500"|""
6|430|"20151014202603"|"AA00007"|""|""|"500"|""
7|362|"20160218112019"|"AA00062"|""|""|"500"|""
6|611|"20151014202610"|"AA00007"|""|""|"500"|""
8|58|"20160916130655"|"AA00070"|""|""|"500"|""
6|483|"20151014202616"|"AA00007"|"interested in, b said may not have space"|""|"500"|""
7|404|"20160218112032"|"AA00062"|""|""|"500"|""
6|687|"20151014202624"|"AA00007"|""|""|"500"|""
11|344|"20180120123821"|"AA00079"|""|""|"500"|""
6|593|"20151014202630"|"AA00007"|""|""|"500"|""
7|457|"20160218112057"|"AA00062"|"201500401: B must give a place, interested in"|""|"500"|""
8|103|"20160916130701"|"AA00070"|""|""|"500"|""
7|631|"20160218112104"|"AA00062"|""|""|"500"|""
11|303|"20180120123725"|"AA00079"|""|""|"500"|""
7|570|"20160218112119"|"AA00062"|""|""|"500"|""
6|472|"20151015103814"|"AA00007"|""|""|"500"|""
8|110|"20160916130706"|"AA00070"|""|""|"500"|""
6|139|"20151015122212"|"AA00007"|""|""|"500"|""
7|597|"20160218112126"|"AA00062"|""|""|"500"|""
6|429|"20151015122251"|"AA00007"|""|""|"500"|""
9|328|"20170113104921"|"AA00070"|""|""|"500"|""
8|655|"20160916130711"|"AA00070"|""|""|"500"|""
10|58|"20170624103912"|"AA00070"|""|""|"500"|""
8|17|"20160916130716"|"AA00070"|""|""|"500"|""
8|250|"20160916130938"|"AA00070"|""|""|"500"|""
8|251|"20160916130955"|"AA00070"|""|""|"500"|""
8|258|"20160916131005"|"AA00070"|""|""|"500"|""
8|493|"20160916131016"|"AA00070"|""|""|"500"|""
8|323|"20160916131026"|"AA00070"|""|""|"500"|""
8|380|"20160916131035"|"AA00070"|""|""|"500"|""
8|394|"20160916131045"|"AA00070"|""|""|"500"|""
8|413|"20160916131057"|"AA00070"|""|""|"500"|""
8|549|"20160916131110"|"AA00070"|""|""|"500"|""
8|30035|"20160916131255"|"AA00070"|""|""|"500"|""
8|593|"20160916131307"|"AA00070"|""|""|"500"|""
9|180|"20170119122933"|"AA00070"|""|""|"500"|""
11|404|"20180120123923"|"AA00079"|""|""|"500"|""
11|30021|"20180120123937"|"AA00079"|""|""|"500"|""
10|103|"20170624103918"|"AA00070"|""|""|"500"|""
11|597|"20180120124126"|"AA00079"|""|""|"500"|""
10|110|"20170624103923"|"AA00070"|""|""|"500"|""
10|655|"20170624103928"|"AA00070"|""|""|"500"|""
11|268|"20180120124218"|"AA00079"|""|""|"500"|""
10|17|"20170624103932"|"AA00070"|""|""|"500"|""
10|150|"20170624103942"|"AA00070"|""|""|"500"|""
11|133|"20180120124232"|"AA00079"|""|""|"500"|""
11|68|"20180120123542"|"AA00079"|""|""|"500"|""
10|413|"20170624104033"|"AA00070"|""|""|"500"|""
11|101|"20180120123600"|"AA00079"|""|""|"500"|""
10|250|"20170624103946"|"AA00070"|""|""|"500"|""
10|471|"20170817162644"|"AA00070"|""|"Share booth with Eastbourne"|"500"|""
11|325|"20180120123807"|"AA00079"|""|""|"500"|""
10|251|"20170624103952"|"AA00070"|""|""|"500"|""
11|423|"20180120123950"|"AA00079"|""|""|"500"|""
10|258|"20170624104006"|"AA00070"|""|""|"500"|""
11|504|"20180120124008"|"AA00079"|""|""|"500"|""
10|322|"20170624104016"|"AA00070"|""|""|"500"|""
11|554|"20180120124048"|"AA00079"|""|""|"500"|""
10|380|"20170624104020"|"AA00070"|""|""|"500"|""
11|577|"20180120124107"|"AA00079"|""|""|"500"|""
10|543|"20170624104029"|"AA00070"|""|""|"500"|""
10|549|"20170624104037"|"AA00070"|""|""|"500"|""
10|30035|"20170624104042"|"AA00070"|""|""|"500"|""
10|593|"20170624104046"|"AA00070"|""|""|"500"|""
12|17|"20181023193156"|"AA00032"|"The result is for your reference only. Entrance Exam has been taken on the 24th Oct 2018."|""|"500"|""
12|522|"20181010141100"|"AA00079"|""|"Share Booth with Tanuton School"|"500"|""
14|68|"20181228105051"|"AA00079"|""|""|"500"|""
16|687|"20191004124326"|"AA00079"|""|""|"500"|""
15|438|"20191024161350"|"AA00083"|"If you are Encouraged to Take Exam:

•Your consultant-in-charge will contact you very soon to make the exam arrangement.
•Please download the school Registration Form from the link below.
•Complete the school Registration Form and return to your consultant-in-charge on the exam day.
•The school would like to see your UKiset score if you have taken the test, please submit the test result to your consultant-in-charge asap.
•Since you have already paid HK$500 registration fee at the Expo, you are NOT required to pay the registration fee mentioned in the form.


If you are Invited for Interview before proceed further:

•Your consultant-in-charge will contact you very soon to make the arrangement.
•Please download the school Registration Form from the link below.
•Complete the school Registration Form and return to your consultant-in-charge on the interview day.
•The school would like to see your UKiset score if you have taken the test, please submit the test result to your consultant-in-charge asap.
•Since you have already paid HK$500 registration fee at the Expo, you are NOT required to pay the registration fee mentioned in the form."|"Shared Booth with Sherborne Girls"|"500"|""
24|50|"20230128164452"|"AA00079"|""|""|"800"|""
15|211|"20191023201544"|""|"If you are Offered a place without further testing:

•Your consultant-in-charge will send you the offer document once available.
•Please download the school Registration Form from the link below.
•Complete the form and email to your consultant-in-charge with the acceptance document you will soon receive before the Acceptance Deadline stated on the offer letter.
•Since you have already paid HK$500 registration fee at the Expo, you are NOT required to pay the registration fee mentioned in the form.

If you are Encouraged to Take Exam:

•Your consultant-in-charge will contact you very soon to make the exam arrangement.
•Please download the school Registration Form from the link below.
•Complete the school Registration Form and return to your consultant-in-charge on the exam day.
•Since you have already paid HK$500 registration fee at the Expo, you are NOT required to pay the registration fee mentioned in the form."|"Shared Booth with Haberdashers' Monmouth School for Boys"|"500"|""
14|185|"20190226231416"|"AA00007"|"If you are Offered a place without further testing:

•Your consultant-in-charge will send you the offer document once available.
•Please download the school Registration Form from the link below.
•Complete the form and email to your consultant-in-charge with the acceptance document you will soon receive before the Acceptance Deadline stated on the offer letter.
•Since you have already paid HK$500 registration fee at the Expo, you are NOT required to pay the registration fee mentioned in the form.

If you are Encouraged to Take Exam:

•We will send you the exam details and timetable very soon.
•Please download the school Registration Form from the link below.
•Complete the school Registration Form and return to your consultant-in-charge on the exam day.
•Since you have already paid HK$500 registration fee at the Expo, you are NOT required to pay the registration fee mentioned in the form.

If you are Invited for Interview before proceed further:

•Your consultant-in-charge will contact you very soon to make the arrangement.
•Please download the school Registration Form from the link below.
•Complete the school Registration Form and return to your consultant-in-charge on the interview day.
•Since you have already paid HK$500 registration fee at the Expo, you are NOT required to pay the registration fee mentioned in the form."|""|"500"|""
17|110|"20191008131924"|"AA00079"|""|""|""|""
14|200|"20190226132112"|"AA00079"|"If you are Offered a place without further testing:

•Your consultant-in-charge will send you the offer document once available.
•Please complete the school online Enquiry Form ASAP via the below link:
https://online.gordonstoun.org.uk/requests/Enquiry.htm
•Please inform your consultant-in-charge after completion of the online registration.
•Complete and return to your consultant-in-charge the acceptance document you will soon receive before the Acceptance Deadline stated on the offer letter.
•Since you have already paid HK$500 registration fee at the Expo, you are NOT required to pay the registration fee mentioned in the form.

If you are Encouraged to Take Exam:

•Your consultant-in-charge will contact you very soon to make the exam arrangement.
•Please complete the school online Enquiry Form ASAP via the below link:
https://online.gordonstoun.org.uk/requests/Enquiry.htm
•Please inform your consultant-in-charge after completion of the online registration.
•Since you have already paid HK$500 registration fee at the Expo, you are NOT required to pay the registration fee mentioned in the form.

If you are Invited for Interview before proceed further:

•Your consultant-in-charge will contact you very soon to make the arrangement.
•Please complete the school online Enquiry Form ASAP via the below link:
https://online.gordonstoun.org.uk/requests/Enquiry.htm
•Please inform your consultant-in-charge after completion of the online registration.
•Since you have already paid HK$500 registration fee at the Expo, you are NOT required to pay the registration fee mentioned in the form."|""|"500"|""
14|256|"20181228105224"|"AA00079"|""|""|"500"|""
15|524|"20191024155628"|""|"If you are Offered a place without further testing:

•Your consultant-in-charge will send you the offer document once available.
•Since you have already paid HK$500 registration fee at the Expo, you are NOT required to pay the registration fee mentioned in the form.

If you are Encouraged to Take Exam:

•Your consultant-in-charge will contact you very soon to make the exam arrangement and send you the Registration Form to complete before the exam.
•Since you have already paid HK$500 registration fee at the Expo, you are NOT required to pay the registration fee mentioned in the form."|"Shared Booth with Taunton School International"|"500"|""
15|450|"20191017164646"|"AA00079"|""|""|"500"|""
15|101|"20191024160759"|""|"If you are Encouraged to Take Exam:

•Please download the school Registration Form from the link below. 
•Complete the school Registration Form and return to your consultant-in-charge at your earliest convenience. 
•Your consultant-in-charge will arrange exam for you upon receipt your completed 
registration form 
•Since you have already paid HK$500 registration fee at the Expo, you are NOT required to pay the registration fee mentioned in the form."|""|"500"|""
15|18|"20191024160923"|"AA00083"|"If you are Encouraged to Take Exam:

•Your consultant-in-charge will contact you very soon to make the exam arrangement.
•Please download the school Registration Form from the link below.
•Complete the school Registration Form and return to your consultant-in-charge on the exam day.
•The school would like to see your UKiset score if you have taken the test, please submit the test result to your consultant-in-charge asap.
•Since you have already paid HK$500 registration fee at the Expo, you are NOT required to pay the registration fee mentioned in the form.


If you are Invited for Interview before proceed further:

•Your consultant-in-charge will contact you very soon to make the arrangement.
•Please download the school Registration Form from the link below.
•Complete the school Registration Form and return to your consultant-in-charge on the interview day.
•The school would like to see your UKiset score if you have taken the test, please submit the test result to your consultant-in-charge asap.
•Since you have already paid HK$500 registration fee at the Expo, you are NOT required to pay the registration fee mentioned in the form."|"Shared Booth with Sherborne School"|"500"|""
14|344|"20181228105254"|"AA00079"|""|""|"500"|""
24|593|"20230120123623"|"AA00079"|""|""|"800"|""
25|504|"20230617130945"|"AA00079"|""|""|"800"|""
12|655|"20181023192757"|"AA00032"|"If you are Offered a place without further testing:

•Your consultant-in-charge will send you the offer document once available.
•Please complete the school online Registration Form ASAP via the below link:
www.cognitoforms.com/ChristsHospital1/ChristsHospitalRegistrationFormInternationalApplicants
•Please inform your consultant-in-charge after completion of the online registration.
•Complete and return to your consultant-in-charge the acceptance document you will soon receive before the Acceptance Deadline stated on the offer letter.
•Since you have already paid HK$500 registration fee at the Expo, you are NOT required to pay the registration fee mentioned in the form.

If you are Encouraged to Take Exam:

•Your consultant-in-charge will contact you very soon to make the exam arrangement.
•Please complete the school online Registration Form ASAP via the below link:
www.cognitoforms.com/ChristsHospital1/ChristsHospitalRegistrationFormInternationalApplicants
•Please inform your consultant-in-charge after completion of the online registration.
•Since you have already paid HK$500 registration fee at the Expo, you are NOT required to pay the registration fee mentioned in the form.

If you are Invited for Interview before proceed further:

•Your consultant-in-charge will contact you very soon to make the arrangement.
•Please complete the school online Registration Form ASAP via the below link:
www.cognitoforms.com/ChristsHospital1/ChristsHospitalRegistrationFormInternationalApplicants
•Please inform your consultant-in-charge after completion of the online registration.
•Since you have already paid HK$500 registration fee at the Expo, you are NOT required to pay the registration fee mentioned in the form."|""|"500"|""
14|362|"20190226124338"|"AA00079"|"If you are Offered a place without further testing:

•Your consultant-in-charge will send you the offer document once available.
•Please download the school Registration Form from the link below.
•Complete the form and email to your consultant-in-charge with the acceptance document you will soon receive before the Acceptance Deadline stated on the offer letter.
•Since you have already paid HK$500 registration fee at the Expo, you are NOT required to pay the registration fee mentioned in the form.

If you are Encouraged to Take Exam:

•We will send you the exam details and timetable very soon.
•Please download the school Registration Form from the link below.
•Complete the school Registration Form and return to your consultant-in-charge on the exam day.
•Since you have already paid HK$500 registration fee at the Expo, you are NOT required to pay the registration fee mentioned in the form.

If you are Invited for Interview before proceed further:

•Your consultant-in-charge will contact you very soon to make the arrangement.
•Please download the school Registration Form from the link below.
•Complete the school Registration Form and return to your consultant-in-charge on the interview day.
•Since you have already paid HK$500 registration fee at the Expo, you are NOT required to pay the registration fee mentioned in the form."|""|"500"|""
25|265|"20230617131008"|"AA00079"|""|""|"800"|""
14|412|"20190226124346"|"AA00079"|"If you are Offered a place without further testing:

•Your consultant-in-charge will send you the offer document once available.
•Please download the school Registration Form from the link below.
•Complete the form and email to your consultant-in-charge with the acceptance document you will soon receive before the Acceptance Deadline stated on the offer letter.
•Since you have already paid HK$500 registration fee at the Expo, you are NOT required to pay the registration fee mentioned in the form.

If you are Encouraged to Take Exam:

•We will send you the exam details and timetable very soon.
•Please download the school Registration Form from the link below.
•Complete the school Registration Form and return to your consultant-in-charge on the exam day.
•Since you have already paid HK$500 registration fee at the Expo, you are NOT required to pay the registration fee mentioned in the form.

If you are Invited for Interview before proceed further:

•Your consultant-in-charge will contact you very soon to make the arrangement.
•Please download the school Registration Form from the link below.
•Complete the school Registration Form and return to your consultant-in-charge on the interview day.
•Since you have already paid HK$500 registration fee at the Expo, you are NOT required to pay the registration fee mentioned in the form."|""|"500"|""
24|30161|"20230203092917"|"AA00079"|""|""|"1800"|""
24|389|"20230128164523"|"AA00079"|""|""|"800"|""
14|457|"20181229151023"|"AA00079"|""|""|"500"|""
19|570|"20191123120656"|"AA00079"|""|""|"500"|""
24|430|"20230131111453"|"AA00079"|""|""|"800"|""
24|631|"20230207085718"|"AA00079"|""|""|"800"|""
25|36|"20230523160926"|"AA00079"|""|""|"800"|""
24|30190|"20230207085728"|"AA00079"|""|""|"1800"|""
24|30164|"20230207085738"|"AA00079"|""|""|"800"|""
21|342|"20201219105257"|"AA00079"|""|""|"500"|""
21|200|"20201219104816"|"AA00079"|""|""|"500"|""
21|554|"20201219105718"|"AA00079"|""|""|"500"|""
14|545|"20190226124354"|"AA00079"|"If you are Offered a place without further testing:

•Your consultant-in-charge will send you the offer document once available.
•Please download the school Registration Form from the link below.
•Complete the form and email to your consultant-in-charge with the acceptance document you will soon receive before the Acceptance Deadline stated on the offer letter.
•Since you have already paid HK$500 registration fee at the Expo, you are NOT required to pay the registration fee mentioned in the form.

If you are Encouraged to Take Exam:

•We will send you the exam details and timetable very soon.
•Please download the school Registration Form from the link below.
•Complete the school Registration Form and return to your consultant-in-charge on the exam day.
•Since you have already paid HK$500 registration fee at the Expo, you are NOT required to pay the registration fee mentioned in the form.

If you are Invited for Interview before proceed further:

•Your consultant-in-charge will contact you very soon to make the arrangement.
•Please download the school Registration Form from the link below.
•Complete the school Registration Form and return to your consultant-in-charge on the interview day.
•Since you have already paid HK$500 registration fee at the Expo, you are NOT required to pay the registration fee mentioned in the form."|""|"500"|""
19|480|"20191123120723"|"AA00079"|""|""|"500"|""
14|504|"20190226124413"|"AA00079"|"If you are Offered a place without further testing:

•Your consultant-in-charge will send you the offer document once available.
•Please download the school Registration Form from the link below.
•Complete the form and email to your consultant-in-charge with the acceptance document you will soon receive before the Acceptance Deadline stated on the offer letter.
•Since you have already paid HK$500 registration fee at the Expo, you are NOT required to pay the registration fee mentioned in the form.

If you are Encouraged to Take Exam:

•We will send you the exam details and timetable very soon.
•Please download the school Registration Form from the link below.
•Complete the school Registration Form and return to your consultant-in-charge on the exam day.
•Since you have already paid HK$500 registration fee at the Expo, you are NOT required to pay the registration fee mentioned in the form.

If you are Invited for Interview before proceed further:

•Your consultant-in-charge will contact you very soon to make the arrangement.
•Please download the school Registration Form from the link below.
•Complete the school Registration Form and return to your consultant-in-charge on the interview day.
•Since you have already paid HK$500 registration fee at the Expo, you are NOT required to pay the registration fee mentioned in the form."|""|"500"|""
19|258|"20191123120937"|"AA00079"|""|""|"500"|""
15|522|"20191023201919"|""|"If you are Offered a place without further testing:

•Your consultant-in-charge will send you the offer document once available.
•Please download the school Registration Form from the link below.
•Complete the form and email to your consultant-in-charge with the acceptance document you will soon receive before the Acceptance Deadline stated on the offer letter.
•Since you have already paid HK$500 registration fee at the Expo, you are NOT required to pay the registration fee mentioned in the form."|"Shared Booth with Taunton School"|"500"|""
19|344|"20191227161435"|"AA00079"|""|""|"500"|""
24|13|"20230120123540"|"AA00079"|""|""|"800"|""
14|554|"20190226124440"|"AA00079"|"If you are Offered a place without further testing:

•Your consultant-in-charge will send you the offer document once available.
•Please download the school Registration Form from the link below.
•Complete the form and email to your consultant-in-charge with the acceptance document you will soon receive before the Acceptance Deadline stated on the offer letter.
•Since you have already paid HK$500 registration fee at the Expo, you are NOT required to pay the registration fee mentioned in the form.

If you are Encouraged to Take Exam:

•We will send you the exam details and timetable very soon.
•Please download the school Registration Form from the link below.
•Complete the school Registration Form and return to your consultant-in-charge on the exam day.
•Since you have already paid HK$500 registration fee at the Expo, you are NOT required to pay the registration fee mentioned in the form.

If you are Invited for Interview before proceed further:

•Your consultant-in-charge will contact you very soon to make the arrangement.
•Please download the school Registration Form from the link below.
•Complete the school Registration Form and return to your consultant-in-charge on the interview day.
•Since you have already paid HK$500 registration fee at the Expo, you are NOT required to pay the registration fee mentioned in the form."|""|"500"|""
15|655|"20191024122347"|"AA00007"|"If you are Offered a place without further testing:

•Your consultant-in-charge will send you the offer document once available.
•Complete the forms in the offer pack and send back to your Consultant-In-Charge if you decided to accept the offer.
•Since you have already paid HK$500 registration fee at the Expo, you are NOT required to pay the registration fee mentioned in the form.



If you are Invited for Interview before proceed further:

•Your consultant-in-charge will contact you very soon to make the arrangement.
•Since you have already paid HK$500 registration fee at the Expo, you are NOT required to pay the registration fee mentioned in the form."|""|"500"|""
15|17|"20191023201346"|""|"The result is for your reference only. Entrance Exam has been taken on the 23th Oct 2019. Good Luck to you all!"|""|"500"|""
14|570|"20190226124448"|"AA00079"|"If you are Offered a place without further testing:

•Your consultant-in-charge will send you the offer document once available.
•Please download the school Registration Form from the link below.
•Complete the form and email to your consultant-in-charge with the acceptance document you will soon receive before the Acceptance Deadline stated on the offer letter.
•Since you have already paid HK$500 registration fee at the Expo, you are NOT required to pay the registration fee mentioned in the form.

If you are Encouraged to Take Exam:

•We will send you the exam details and timetable very soon.
•Please download the school Registration Form from the link below.
•Complete the school Registration Form and return to your consultant-in-charge on the exam day.
•Since you have already paid HK$500 registration fee at the Expo, you are NOT required to pay the registration fee mentioned in the form.

If you are Invited for Interview before proceed further:

•Your consultant-in-charge will contact you very soon to make the arrangement.
•Please download the school Registration Form from the link below.
•Complete the school Registration Form and return to your consultant-in-charge on the interview day.
•Since you have already paid HK$500 registration fee at the Expo, you are NOT required to pay the registration fee mentioned in the form."|""|"500"|""
21|570|"20201219105729"|"AA00079"|""|""|"500"|""
20|40|"20201015111110"|"AA00079"|""|""|"500"|""
20|101|"20201020170746"|"AA00079"|""|""|"500"|""
20|41|"20201015111121"|"AA00079"|""|""|"500"|""
21|595|"20201219105738"|"AA00079"|""|""|"500"|""
20|450|"20201015111134"|"AA00079"|""|""|"500"|""
20|50|"20201021214226"|"AA00079"|""|""|"500"|""
20|472|"20201015111144"|"AA00079"|""|""|"500"|""
20|58|"20201015111155"|"AA00079"|""|""|"500"|""
22|110|"20210615181559"|"AA00079"|""|""|"700"|""
14|577|"20190226124456"|"AA00079"|"If you are Offered a place without further testing:

•Your consultant-in-charge will send you the offer document once available.
•Please download the school Registration Form from the link below.
•Complete the form and email to your consultant-in-charge with the acceptance document you will soon receive before the Acceptance Deadline stated on the offer letter.
•Since you have already paid HK$500 registration fee at the Expo, you are NOT required to pay the registration fee mentioned in the form.

If you are Encouraged to Take Exam:

•We will send you the exam details and timetable very soon.
•Please download the school Registration Form from the link below.
•Complete the school Registration Form and return to your consultant-in-charge on the exam day.
•Since you have already paid HK$500 registration fee at the Expo, you are NOT required to pay the registration fee mentioned in the form.

If you are Invited for Interview before proceed further:

•Your consultant-in-charge will contact you very soon to make the arrangement.
•Please download the school Registration Form from the link below.
•Complete the school Registration Form and return to your consultant-in-charge on the interview day.
•Since you have already paid HK$500 registration fee at the Expo, you are NOT required to pay the registration fee mentioned in the form."|""|"500"|""
19|53|"20191227155416"|"AA00079"|""|""|"500"|""
15|323|"20191023201517"|""|"If you are Offered a place without further testing:

•Your consultant-in-charge will send you the offer document once available.
•Please download the school Registration Form from the link below.
•Complete the form and email to your consultant-in-charge with the acceptance document you will soon receive before the Acceptance Deadline stated on the offer letter.
•Since you have already paid HK$500 registration fee at the Expo, you are NOT required to pay the registration fee mentioned in the form.

If you are Encouraged to Take Exam:

•Your consultant-in-charge will contact you very soon to make the exam arrangement.
•Please download the school Registration Form from the link below.
•Complete the school Registration Form and return to your consultant-in-charge on the exam day.
•Since you have already paid HK$500 registration fee at the Expo, you are NOT required to pay the registration fee mentioned in the form."|"Shared Booth with Haberdashers' Monmouth School for Girls"|"500"|""
12|50|"20181025114950"|""|"If you are Encouraged to Take Exam:

•Your consultant-in-charge will contact you very soon to make the exam arrangement.
•Please download the school Registration Form from the link below.
•Complete the school Registration Form and return to your consultant-in-charge on the exam day.
•Since you have already paid HK$500 registration fee at the Expo, you are NOT required to pay the registration fee mentioned in the form."|""|"500"|""
24|30163|"20230207085651"|"AA00079"|""|""|"800"|""
24|30056|"20230120123551"|"AA00079"|""|""|"800"|""
14|591|"20190226131706"|"AA00079"|"If you are Offered a place without further testing:

•Your consultant-in-charge will send you the offer document once available.
•Please complete the school online Registration Form ASAP via the below link:
https://www.woodhousegrove.co.uk/admissions/application/
•Please inform your consultant-in-charge after completion of the online registration.
•Complete and return to your consultant-in-charge the acceptance document you will soon receive before the Acceptance Deadline stated on the offer letter.
•Since you have already paid HK$500 registration fee at the Expo, you are NOT required to pay the registration fee mentioned in the form.

If you are Encouraged to Take Exam:

•Your consultant-in-charge will contact you very soon to make the exam arrangement.
•Please complete the school online Registration Form ASAP via the below link:
https://www.woodhousegrove.co.uk/admissions/application/
•Please inform your consultant-in-charge after completion of the online registration.
•Since you have already paid HK$500 registration fee at the Expo, you are NOT required to pay the registration fee mentioned in the form.

If you are Invited for Interview before proceed further:

•Your consultant-in-charge will contact you very soon to make the arrangement.
•Please complete the school online Registration Form ASAP via the below link:
https://www.woodhousegrove.co.uk/admissions/application/
•Please inform your consultant-in-charge after completion of the online registration.
•Since you have already paid HK$500 registration fee at the Expo, you are NOT required to pay the registration fee mentioned in the form."|""|"500"|""
19|68|"20191227155437"|"AA00079"|""|""|"500"|""
19|76|"20191227160712"|"AA00079"|""|""|"500"|""
15|322|"20191023201636"|""|"If you are Offered a place without further testing:

•Your consultant-in-charge will send you the offer document once available.
•Please download the school Registration Form from the link below.
•Complete the form and email to your consultant-in-charge with the acceptance document you will soon receive before the Acceptance Deadline stated on the offer letter.
•Since you have already paid HK$500 registration fee at the Expo, you are NOT required to pay the registration fee mentioned in the form.

If you are Encouraged to Take Exam:

•Your consultant-in-charge will contact you very soon to make the exam arrangement.
•Please download the school Registration Form from the link below.
•Complete the school Registration Form and return to your consultant-in-charge on the exam day.
•Since you have already paid HK$500 registration fee at the Expo, you are NOT required to pay the registration fee mentioned in the form."|""|"500"|""
19|101|"20191227160725"|"AA00079"|""|""|"500"|""
15|545|"20191023201702"|""|"If you are Encouraged to Take Exam:

•Your consultant-in-charge will contact you very soon to make the exam arrangement.
•Please download the school Registration Form from the link below.
•Complete the school Registration Form and return to your consultant-in-charge on the exam day.
•Since you have already paid HK$500 registration fee at the Expo, you are NOT required to pay the registration fee mentioned in the form."|""|"500"|""
21|258|"20201219104828"|"AA00079"|""|""|"500"|""
20|655|"20201015111206"|"AA00079"|""|""|"500"|""
20|17|"20201015111218"|"AA00079"|""|""|"500"|""
21|492|"20201219105005"|"AA00079"|""|""|"500"|""
20|133|"20201015111227"|"AA00079"|""|""|"500"|""
22|522|"20210622170336"|"AA00079"|""|""|"700"|""
14|480|"20190226124405"|"AA00079"|"If you are Offered a place without further testing:

•Your consultant-in-charge will send you the offer document once available.
•Please download the school Registration Form from the link below.
•Complete the form and email to your consultant-in-charge with the acceptance document you will soon receive before the Acceptance Deadline stated on the offer letter.
•Since you have already paid HK$500 registration fee at the Expo, you are NOT required to pay the registration fee mentioned in the form.

If you are Encouraged to Take Exam:

•We will send you the exam details and timetable very soon.
•Please download the school Registration Form from the link below.
•Complete the school Registration Form and return to your consultant-in-charge on the exam day.
•Since you have already paid HK$500 registration fee at the Expo, you are NOT required to pay the registration fee mentioned in the form.

If you are Invited for Interview before proceed further:

•Your consultant-in-charge will contact you very soon to make the arrangement.
•Please download the school Registration Form from the link below.
•Complete the school Registration Form and return to your consultant-in-charge on the interview day.
•Since you have already paid HK$500 registration fee at the Expo, you are NOT required to pay the registration fee mentioned in the form."|""|"500"|""
14|128|"20190112161406"|"AA00079"|""|""|"500"|""
15|423|"20191023201733"|""|"If you are Offered a place without further testing:

•Your consultant-in-charge will send you the offer document once available.
•Please download the school Registration Form from the link below.
•Complete the form and email to your consultant-in-charge with the acceptance document you will soon receive before the Acceptance Deadline stated on the offer letter.
•Since you have already paid HK$500 registration fee at the Expo, you are NOT required to pay the registration fee mentioned in the form."|""|"500"|""
19|185|"20191227160738"|"AA00079"|""|""|"500"|""
14|192|"20190226143828"|"AA00079"|"If you are Offered a place without further testing:

•Your consultant-in-charge will send you the offer document once available.
•Please download the school Registration Form from the link below.
•Complete the form and email to your consultant-in-charge with the acceptance document you will soon receive before the Acceptance Deadline stated on the offer letter.
•Since you have already paid HK$500 registration fee at the Expo, you are NOT required to pay the registration fee mentioned in the form.

If you are Encouraged to Take Exam:

•We will send you the exam details and timetable very soon.
•Please download the school Registration Form from the link below.
•Complete the school Registration Form and return to your consultant-in-charge on the exam day.
•Since you have already paid HK$500 registration fee at the Expo, you are NOT required to pay the registration fee mentioned in the form.

If you are Invited for Interview before proceed further:

•Your consultant-in-charge will contact you very soon to make the arrangement.
•Please download the school Registration Form from the link below.
•Complete the school Registration Form and return to your consultant-in-charge on the interview day.
•Since you have already paid HK$500 registration fee at the Expo, you are NOT required to pay the registration fee mentioned in the form."|""|"500"|""
14|53|"20190121114224"|"AA00079"|""|""|"500"|""
19|30010|"20191227160752"|"AA00079"|""|""|"500"|""
18|30192|"20230213173133"|"AA00079"|""|""|"800"|""
24|577|"20230120123602"|"AA00079"|""|""|"800"|""
12|110|"20181024140005"|"AA00032"|"If you are Offered a place without further testing:

•Your consultant-in-charge will send you the offer document once available.
•Please download the school Registration Form from the link below.
•Complete the form and email to your consultant-in-charge with the acceptance document you will soon receive before the Acceptance Deadline stated on the offer letter.
•Since you have already paid HK$500 registration fee at the Expo, you are NOT required to pay the registration fee mentioned in the form.

If you are Encouraged to Take Exam:

•Exam will be held on Sat 27th Oct 2018.
•We will send you the exam details and timetable very soon.
•Please download the school Registration Form from the link below.
•Complete the school Registration Form and return to your consultant-in-charge on the exam day.
•Since you have already paid HK$500 registration fee at the Expo, you are NOT required to pay the registration fee mentioned in the form.

If you are Invited for Interview before proceed further:

•Your consultant-in-charge will contact you very soon to make the arrangement.
•Please download the school Registration Form from the link below.
•Complete the school Registration Form and return to your consultant-in-charge on the interview day.
•Since you have already paid HK$500 registration fee at the Expo, you are NOT required to pay the registration fee mentioned in the form."|""|"500"|""
19|389|"20191227161450"|"AA00079"|""|""|"500"|""
12|20|"20181024143715"|"AA00032"|""|""|"500"|""
14|30010|"20190226231618"|"AA00007"|"If you are Encouraged to Take Exam:

•We will send you the exam details and timetable very soon.
•Please download the school Registration Form from the link below.
•Complete the school Registration Form and return to your consultant-in-charge on the exam day.
•Since you have already paid HK$500 registration fee at the Expo, you are NOT required to pay the registration fee mentioned in the form.

If you are Invited for Interview before proceed further:

•Your consultant-in-charge will contact you very soon to make the arrangement.
•Please download the school Registration Form from the link below.
•Complete the school Registration Form and return to your consultant-in-charge on the interview day.
•Since you have already paid HK$500 registration fee at the Expo, you are NOT required to pay the registration fee mentioned in the form."|""|"500"|""
15|50|"20191023215226"|""|"If you are Encouraged to Take Exam:

•Your consultant-in-charge will contact you very soon to make the exam arrangement.
•Please download the school Registration Form from the link below.
•Complete the school Registration Form and return to your consultant-in-charge on or before the student takes the exam. The exam has to be done by 12 Nov 2019.
•Since you have already paid HK$500 registration fee at the Expo, you are NOT required to pay the registration fee mentioned in the form."|""|"500"|""
22|133|"20210615181636"|"AA00079"|""|""|"700"|""
15|58|"20191023215745"|""|"If you are Encouraged to Take Exam:

•Your consultant-in-charge will contact you very soon to make the exam arrangement.
•Please download the school Registration Form from the link below.
•Complete the school Registration Form and return to your consultant-in-charge on or before the exam day.
•Since you have already paid HK$500 registration fee at the Expo, you are NOT required to pay the registration fee mentioned in the form."|""|"500"|""
15|200|"20191023222114"|""|"If you are Offered a place without further testing:

•Your consultant-in-charge will send you the offer document once available.
•Application to Gordonstoun School  is made through the school’s online Registration Form below:
https://online.gordonstoun.org.uk/requests/Enquiry.htm 
•After completed the online form, please kindly inform your Consultant-In-Charge so that s/he can follow up with the application for you.
•Since you have already paid HK$500 registration fee at the Expo, you are NOT required to pay the registration fee mentioned in the form.



If you are Invited for Interview before proceed further:

•Your consultant-in-charge will contact you very soon to make the arrangement.
•Application to Gordonstoun School  is made through the school’s online Registration Form below:
https://online.gordonstoun.org.uk/requests/Enquiry.htm 
•After completed the online form, please kindly inform your Consultant-In-Charge so that s/he can follow up with the application for you.
•Since you have already paid HK$500 registration fee at the Expo, you are NOT required to pay the registration fee mentioned in the form."|""|"500"|""
19|412|"20191227161518"|"AA00079"|""|""|"500"|""
14|133|"20190226231339"|"AA00007"|"If you are Encouraged to Take Exam:

•We will send you the exam details and timetable very soon.
•Please download the school Registration Form from the link below.
•Complete the school Registration Form and return to your consultant-in-charge on the exam day.
•Since you have already paid HK$500 registration fee at the Expo, you are NOT required to pay the registration fee mentioned in the form."|""|"500"|""
19|494|"20191227161600"|"AA00079"|""|""|"500"|""
19|455|"20191227161828"|"AA00079"|""|""|"500"|""
15|511|"20191023233458"|""|"If you are Encouraged to Take Exam:

•Your consultant-in-charge will contact you very soon to make the exam arrangement.
•Application to Strathallan is made through the school’s online Registration Form below:
https://www.strathallan.co.uk/admissions/registration-form/
•After completed the online form, please kindly inform your Consultant-In-Charge so that s/he can follow up with the application for you.
•Since you have already paid HK$500 registration fee at the Expo, you are NOT required to pay the registration fee mentioned in the form."|""|"500"|""
15|508|"20191024162907"|"AA00083"|"If you are Encouraged to Take Exam:

•Your consultant-in-charge will contact you very soon to make the exam arrangement.
•Please download the school Registration Form from the link below.
•Complete the school Registration Form and return to your consultant-in-charge on the exam day.
•Since you have already paid HK$500 registration fee at the Expo, you are NOT required to pay the registration fee mentioned in the form."|""|"500"|""
12|36|"20181025114522"|""|"If you are Offered a place without further testing:

•Your consultant-in-charge will send you the offer document once available.
•Please download the school Registration Form from the link below.
•Complete the form and email to your consultant-in-charge with the acceptance document you will soon receive before the Acceptance Deadline stated on the offer letter.
•Since you have already paid HK$500 registration fee at the Expo, you are NOT required to pay the registration fee mentioned in the form.

If you are Encouraged to Take Exam:

•Your consultant-in-charge will contact you very soon to make the exam arrangement.
•Please download the school Registration Form from the link below.
•Complete the school Registration Form and return to your consultant-in-charge on the exam day.
•Since you have already paid HK$500 registration fee at the Expo, you are NOT required to pay the registration fee mentioned in the form."|""|"500"|""
24|30189|"20230207085706"|"AA00079"|""|""|"1800"|""
14|342|"20190226124433"|"AA00079"|"If you are Offered a place without further testing:

•Your consultant-in-charge will send you the offer document once available.
•Please download the school Registration Form from the link below.
•Complete the form and email to your consultant-in-charge with the acceptance document you will soon receive before the Acceptance Deadline stated on the offer letter.
•Since you have already paid HK$500 registration fee at the Expo, you are NOT required to pay the registration fee mentioned in the form.

If you are Encouraged to Take Exam:

•We will send you the exam details and timetable very soon.
•Please download the school Registration Form from the link below.
•Complete the school Registration Form and return to your consultant-in-charge on the exam day.
•Since you have already paid HK$500 registration fee at the Expo, you are NOT required to pay the registration fee mentioned in the form.

If you are Invited for Interview before proceed further:

•Your consultant-in-charge will contact you very soon to make the arrangement.
•Please download the school Registration Form from the link below.
•Complete the school Registration Form and return to your consultant-in-charge on the interview day.
•Since you have already paid HK$500 registration fee at the Expo, you are NOT required to pay the registration fee mentioned in the form."|""|"500"|""
19|504|"20191227161846"|"AA00079"|""|""|"500"|""
15|687|"20191023235402"|""|"You are Encouraged to Take the Entrance Exam:

•Your consultant-in-charge will contact you very soon to make the exam arrangement. Please note that the ENTRANCE EXAM DATE IS 9 NOV 2019.
•Application to Whitgift School is made through the school’s online Registration Form below:
https://admissions.whitgift.co.uk/Default.asp
•After completed the online form, please kindly inform your Consultant-In-Charge so that s/he can follow up with the application for you
•Since you have already paid HK$500 registration fee at the Expo, you are NOT required to pay the registration fee mentioned in the form.

MUSIC SCHOLARSHIP APPLICATION:

• If you are interested in applying for music scholarship, please download the attached music scholarship application form and submit to your Consultant-In-Charge for processing."|""|"500"|""
12|278|"20181025121408"|""|""|""|"500"|""
15|110|"20191024000447"|""|"You are Encouraged to Take Exam:

•The ENTRANCE EXAM DATE IS 10 NOV 2019 SUNDAY
•Your consultant-in-charge will contact you very soon to make the exam arrangement.
•Please download the school Registration Form and Exam Form from the link below. DEADLINE TO SUBMIT/EMAIL THE FORMS BACK TO AA OFFICE IS 30 OCT 2019
•Since you have already paid HK$500 registration fee at the Expo, you are NOT required to pay the registration fee mentioned in the form."|""|"500"|""
19|554|"20191227162021"|"AA00079"|""|""|"500"|""
19|577|"20191227162034"|"AA00079"|""|""|"500"|""
20|200|"20201015111238"|"AA00079"|""|""|"500"|""
20|687|"20201020170804"|"AA00079"|""|""|"500"|""
20|322|"20201015111249"|"AA00079"|""|""|"500"|""
20|323|"20201015111302"|"AA00079"|""|""|"500"|""
20|518|"20201021215014"|"AA00079"|""|""|"500"|""
20|211|"20201015111310"|"AA00079"|""|""|"500"|""
22|192|"20210615181645"|"AA00079"|""|""|"700"|""
22|20|"20210622170423"|"AA00079"|""|""|"700"|""
12|133|"20181025120449"|""|"If you are Encouraged to Take Exam:

•Your consultant-in-charge will contact you very soon to make the exam arrangement.
•For Year 12 & 10 applicants
-We will send you the school Registration Form for your completion once available.
-Complete the school Registration Form you will soon receive and return to your consultant-in-charge on the exam day.
-Since you have already paid HK$500 registration fee at the Expo, you are NOT required to pay the registration fee mentioned in the form.
•For Year 9 applicants
 -Please download the school Registration Form, General Exam Info, and CAT4 Exam Info from the link below.
 -Complete the school Registration Form and return to your consultant-in-charge on the exam day.
 -The General Exam Info and CAT4 Exam Info are for your preparation of the exam.
 -Since you have already paid HK$500 registration fee at the Expo, you are NOT required to pay the registration fee mentioned in the form."|""|"500"|""
19|591|"20191227162046"|"AA00079"|""|""|"500"|""
15|20|"20191024122641"|"AA00007"|"If you are Offered a place without further testing:

•Your consultant-in-charge will send you the offer document once available.
•Complete the forms in the offer pack and send back to your Consultant-In-Charge if you decided to accept the offer.
•Since you have already paid HK$500 registration fee at the Expo, you are NOT required to pay the registration fee mentioned in the form.


If you are Encouraged to Take Exam:

•Your consultant-in-charge will contact you very soon to make the exam arrangement.
•Since you have already paid HK$500 registration fee at the Expo, you are NOT required to pay the registration fee mentioned in the form."|""|"500"|""
19|133|"20191230151949"|"AA00079"|""|""|"500"|""
15|549|"20191024122924"|"AA00007"|"If you are Offered a place without further testing:

•Your consultant-in-charge will send you the offer document once available.
•Application to Stephen Perse is made through the school’s online Registration Form below:
https://stephenperse.openapply.com/parents/sign_up
•After completed the online form, please kindly inform your Consultant-In-Charge so that s/he can follow up with the application for you.
•Since you have already paid HK$500 registration fee at the Expo, you are NOT required to pay the registration fee mentioned in the form.

If you are Encouraged to Take Exam:

•Your consultant-in-charge will contact you very soon to make the exam arrangement.
•Application to Stephen Perse is made through the school’s online Registration Form below:
https://stephenperse.openapply.com/parents/sign_up
•After completed the online form, please kindly inform your Consultant-In-Charge so that s/he can follow up with the application for you
•Since you have already paid HK$500 registration fee at the Expo, you are NOT required to pay the registration fee mentioned in the form."|""|"500"|""
19|595|"20200111103607"|"AA00079"|""|""|"500"|""
12|41|"20181025114840"|""|"If you are Offered a place without further testing:

•Your consultant-in-charge will send you the offer document once available.
•Please download the school Registration Form from the link below.
•Complete the form and email to your consultant-in-charge with the acceptance document you will soon receive before the Acceptance Deadline stated on the offer letter.
•Since you have already paid HK$500 registration fee at the Expo, you are NOT required to pay the registration fee mentioned in the form."|""|"500"|""
24|590|"20230120123612"|"AA00079"|""|""|"800"|""
28|30185|"20250208104234"|"AA00098"|""|""|"2800"|""
26|30198|"20240218123241"|"AA00098"|""|""|"0"|""
12|49|"20181025115050"|""|"If you are Encouraged to Take Exam:

•Your consultant-in-charge will contact you very soon to make the exam arrangement.
•Please download the school Registration Form from the link below.
•Complete the school Registration Form and return to your consultant-in-charge on the exam day.
•Since you have already paid HK$500 registration fee at the Expo, you are NOT required to pay the registration fee mentioned in the form."|""|"500"|""
19|41|"20200204152423"|"AA00079"|""|""|"500"|""
12|58|"20181025115213"|""|"If you are Encouraged to Take Exam:

•Your consultant-in-charge will contact you very soon to make the exam arrangement.
•Please download the school Registration Form from the link below.
•Complete the school Registration Form and return to your consultant-in-charge on the exam day.
•Since you have already paid HK$500 registration fee at the Expo, you are NOT required to pay the registration fee mentioned in the form."|""|"500"|""
20|545|"20201015111327"|"AA00079"|""|""|"500"|""
12|511|"20181025123908"|""|"If you are Encouraged to Take Exam:

•Your consultant-in-charge will contact you very soon to make the exam arrangement.
•Please complete the school online Registration Form ASAP via the below link:
https://www.strathallan.co.uk/admissions/registration-form/
•Please inform your consultant-in-charge after completion of the online registration.
•Since you have already paid HK$500 registration fee at the Expo, you are NOT required to pay the registration fee mentioned in the form."|""|"500"|""
20|413|"20201015111340"|"AA00079"|""|""|"500"|""
21|101|"20201219104248"|"AA00079"|""|""|"500"|""
20|549|"20201020170929"|"AA00079"|""|""|"500"|""
21|300|"20201219104839"|"AA00079"|""|""|"500"|""
21|344|"20201219104850"|"AA00079"|""|""|"500"|""
21|412|"20201219104901"|"AA00079"|""|""|"500"|""
21|455|"20201219105015"|"AA00079"|""|""|"500"|""
15|413|"20191024124546"|"AA00007"|"If you are Offered a place without further testing:

•Your consultant-in-charge will send you the offer document once available.
•Please download the school Registration Form from the link below.
•Complete the form and email to your consultant-in-charge with the acceptance document you will soon receive before the Acceptance Deadline stated on the offer letter.
•Since you have already paid HK$500 registration fee at the Expo, you are NOT required to pay the registration fee mentioned in the form.


If you are Encouraged to Take Exam:

•Your consultant-in-charge will contact you very soon to make the exam arrangement.
•Please download the school Registration Form from the link below.
•Complete the school Registration Form and return to your consultant-in-charge on the exam day.
•Since you have already paid HK$500 registration fee at the Expo, you are NOT required to pay the registration fee mentioned in the form.


If you are Invited for Interview before proceed further:

•Your consultant-in-charge will contact you very soon to make the arrangement.
•Please download the school Registration Form from the link below.
•Complete the school Registration Form and return to your consultant-in-charge on the interview day.
•Since you have already paid HK$500 registration fee at the Expo, you are NOT required to pay the registration fee mentioned in the form."|""|"500"|""
12|101|"20181025115558"|""|"If you are Encouraged to Take Exam:

•Your consultant-in-charge will contact you very soon to make the exam arrangement.
•Please download the school Registration Form and Scholarship Application Form from the link below.
•Complete the school Registration Form (and Scholarship Application Form if you wish to apply for) and return to your consultant-in-charge on the exam day.
•Since you have already paid HK$500 registration fee at the Expo, you are NOT required to pay the registration fee mentioned in the form."|""|"500"|""
12|159|"20181025120600"|""|"If you are Encouraged to Take Exam:

•Your consultant-in-charge will contact you very soon to make the exam arrangement.
•Please download the school Registration Form from the link below.
•Complete the school Registration Form and return to your consultant-in-charge on the exam day.
•Since you have already paid HK$500 registration fee at the Expo, you are NOT required to pay the registration fee mentioned in the form.

If you are Invited for Interview before proceed further:

•Your consultant-in-charge will contact you very soon to make the arrangement.
•Please download the school Registration Form from the link below.
•Complete the school Registration Form and return to your consultant-in-charge on the interview day.
•Since you have already paid HK$500 registration fee at the Expo, you are NOT required to pay the registration fee mentioned in the form."|"Share Booth with St. Andrew's School"|"500"|""
12|323|"20181025120645"|""|"If you are Offered a place without further testing:

•Your consultant-in-charge will send you the offer document once available.
•Please download the school Registration Form from the link below.
•Complete the form and email to your consultant-in-charge with the acceptance document you will soon receive before the Acceptance Deadline stated on the offer letter.
•Since you have already paid HK$500 registration fee at the Expo, you are NOT required to pay the registration fee mentioned in the form.

If you are Encouraged to Take Exam:

•Your consultant-in-charge will contact you very soon to make the exam arrangement.
•Please download the school Registration Form from the link below.
•Complete the school Registration Form and return to your consultant-in-charge on the exam day.
•Since you have already paid HK$500 registration fee at the Expo, you are NOT required to pay the registration fee mentioned in the form."|"Share Booth with Haberdashers' Monmouth School for Girls"|"500"|""
15|483|"20191024125856"|"AA00007"|"If you are Offered a place without further testing:

•The school will send you the offer document once available.
•Complete the forms in the offer pack and send back to your Consultant-In-Charge if you decided to accept the offer.
•Since you have already paid HK$500 registration fee at the Expo, you are NOT required to pay the registration fee mentioned in the form."|""|"500"|""
12|211|"20181025120829"|""|""|"Share Booth with Haberdashers' Monmouth School for Boys"|"500"|""
12|483|"20181025122452"|""|"If you are Offered a place without further testing:

•Your consultant-in-charge will send you the offer document once available.
•Please download the school Registration Form from the link below.
•Complete the form and email to your consultant-in-charge with the acceptance document you will soon receive before the Acceptance Deadline stated on the offer letter.
•Since you have already paid HK$500 registration fee at the Expo, you are NOT required to pay the registration fee mentioned in the form."|""|"500"|""
25|50|"20231031100141"|"AA00007"|"Meeting with school rep on 23 Oct 2023:
Y9,10,12 - music scholarship is available - 10% school fee + 2 free instruments
400 boys at schools play music 
40 visiting music teachers, 8 full time music staff, school has music fellow staying in school for a year. Jazz and strings: have online master class."|""|"800"|""
12|250|"20181025120919"|""|"If you are Offered a place without further testing:

•Your consultant-in-charge will send you the offer document once available.
•Please complete the school online Registration Form ASAP via the below link:
https://secure106.prositehosting.co.uk/spinaweb/kentcollege/registration/?appid=&e=
•Please inform your consultant-in-charge after completion of the online registration.
•Complete and return to your consultant-in-charge the acceptance document you will soon receive before the Acceptance Deadline stated on the offer letter.
•Since you have already paid HK$500 registration fee at the Expo, you are NOT required to pay the registration fee mentioned in the form.

If you are Encouraged to Take Exam:

•Your consultant-in-charge will contact you very soon to make the exam arrangement.
•Please complete the school online Registration Form ASAP via the below link:
https://secure106.prositehosting.co.uk/spinaweb/kentcollege/registration/?appid=&e=
•Please inform your consultant-in-charge after completion of the online registration.
•Since you have already paid HK$500 registration fee at the Expo, you are NOT required to pay the registration fee mentioned in the form."|""|"500"|""
12|251|"20181025121032"|""|"If you are Offered a place without further testing:

•Your consultant-in-charge will send you the offer document once available.
•Please complete the school online Registration Form ASAP via the below link:
http://www.kent-college.co.uk/register-1-admission-details-629/
•Please inform your consultant-in-charge after completion of the online registration.
•Complete and return to your consultant-in-charge the acceptance document you will soon receive before the Acceptance Deadline stated on the offer letter.
•Since you have already paid HK$500 registration fee at the Expo, you are NOT required to pay the registration fee mentioned in the form."|""|"500"|""
12|322|"20181025121832"|""|"If you are Offered a place without further testing:

•Your consultant-in-charge will send you the offer document once available.
•Please download the school Registration Form from the link below.
•Complete the form and email to your consultant-in-charge with the acceptance document you will soon receive before the Acceptance Deadline stated on the offer letter.
•Since you have already paid HK$500 registration fee at the Expo, you are NOT required to pay the registration fee mentioned in the form.

If you are Encouraged to Take Exam:

•Your consultant-in-charge will contact you very soon to make the exam arrangement.
•Please download the school Registration Form from the link below.
•Complete the school Registration Form and return to your consultant-in-charge on the exam day.
•Since you have already paid HK$500 registration fee at the Expo, you are NOT required to pay the registration fee mentioned in the form."|""|"500"|""
22|200|"20210615181655"|"AA00079"|""|""|"700"|""
12|321|"20181025121959"|""|"If you are Offered a place without further testing:

•Your consultant-in-charge will send you the offer document once available.
•Please download the school Registration Form from the link below.
•Complete the form and email to your consultant-in-charge with the acceptance document you will soon receive before the Acceptance Deadline stated on the offer letter.
•Since you have already paid HK$500 registration fee at the Expo, you are NOT required to pay the registration fee mentioned in the form."|""|"500"|""
12|373|"20181025122129"|""|"If you are Offered a place without further testing:

•Your consultant-in-charge will send you the offer document once available.
•Please complete the school online Registration Form ASAP via the below link:
https://www.qas.org.uk/enrol/
•Please inform your consultant-in-charge after completion of the online registration.
•Complete and return to your consultant-in-charge the acceptance document you will soon receive before the Acceptance Deadline stated on the offer letter.
•Since you have already paid HK$500 registration fee at the Expo, you are NOT required to pay the registration fee mentioned in the form.

If you are Encouraged to Take Exam:

•Your consultant-in-charge will contact you very soon to make the exam arrangement.
•Please complete the school online Registration Form ASAP via the below link:
https://www.qas.org.uk/enrol/
•Please inform your consultant-in-charge after completion of the online registration.
•Since you have already paid HK$500 registration fee at the Expo, you are NOT required to pay the registration fee mentioned in the form."|""|"500"|""
15|380|"20191024160719"|"AA00083"|"If you are Offered a place without further testing:

•Your consultant-in-charge will send you the offer document once available.
•Please download the school Registration Form from the link below.
•Complete the form and email to your consultant-in-charge with the acceptance document you will soon receive before the Acceptance Deadline stated on the offer letter.
•Since you have already paid HK$500 registration fee at the Expo, you are NOT required to pay the registration fee mentioned in the form."|""|"500"|""
12|380|"20181025122210"|""|"If you are Offered a place without further testing:

•Your consultant-in-charge will send you the offer document once available.
•Please download the school Registration Form from the link below.
•Complete the form and email to your consultant-in-charge with the acceptance document you will soon receive before the Acceptance Deadline stated on the offer letter.
•Since you have already paid HK$500 registration fee at the Expo, you are NOT required to pay the registration fee mentioned in the form.

If you are Encouraged to Take Exam:

•Your consultant-in-charge will contact you very soon to make the exam arrangement.
•Please download the school Registration Form from the link below.
•Complete the school Registration Form and return to your consultant-in-charge on the exam day.
•Since you have already paid HK$500 registration fee at the Expo, you are NOT required to pay the registration fee mentioned in the form."|""|"500"|""
12|413|"20181025122250"|""|"If you are Invited for Interview before proceed further:

•Your consultant-in-charge will contact you very soon to make the arrangement.
•Please download the school Registration Form from the link below.
•Complete the school Registration Form and return to your consultant-in-charge on the interview day.
•Since you have already paid HK$500 registration fee at the Expo, you are NOT required to pay the registration fee mentioned in the form."|""|"500"|""
12|423|"20181025122356"|""|"If you are Offered a place without further testing:

•Your consultant-in-charge will send you the offer document once available.
•Please download the school Registration Form from the link below.
•Complete the form and email to your consultant-in-charge with the acceptance document you will soon receive before the Acceptance Deadline stated on the offer letter.
•Since you have already paid HK$500 registration fee at the Expo, you are NOT required to pay the registration fee mentioned in the form."|""|"500"|""
24|576|"20230207085558"|"AA00079"|""|""|"800"|""
23|323|"20210923163217"|"AA00079"|""|""|"700"|""
23|211|"20210923163230"|"AA00079"|""|""|"700"|""
24|475|"20230120123427"|"AA00079"|""|""|"800"|""
12|549|"20181025122547"|""|"If you are Encouraged to Take Exam:

•Your consultant-in-charge will contact you very soon to make the exam arrangement.
•Please download the school Registration Form from the link below.
•Complete the school Registration Form and return to your consultant-in-charge on the exam day.
•Since you have already paid HK$500 registration fee at the Expo, you are NOT required to pay the registration fee mentioned in the form."|""|"500"|""
15|302|"20191024160703"|"AA00083"|"If you are Encouraged to Take Exam:

•Your consultant-in-charge will contact you very soon to make the exam arrangement.
•Application to Loughborough Grammar School is made through the school’s online Registration Form below:
https://lsf.org/grammar/boarding/apply-for-boarding/
•After completed the online form, please kindly inform your Consultant-In-Charge so that s/he can follow up with the application for you.
•Since you have already paid HK$500 registration fee at the Expo, you are NOT required to pay the registration fee mentioned in the form.




If you are Invited for Interview before proceed further:

•Your consultant-in-charge will contact you very soon to make the arrangement.
•Application to Loughborough Grammar School is made through the school’s online Registration Form below:
https://lsf.org/grammar/boarding/apply-for-boarding/
•After completed the online form, please kindly inform your Consultant-In-Charge so that s/he can follow up with the application for you.
•Since you have already paid HK$500 registration fee at the Expo, you are NOT required to pay the registration fee mentioned in the form."|""|"500"|""
12|508|"20181025123712"|""|"If you are Encouraged to Take Exam:

•Your consultant-in-charge will contact you very soon to make the exam arrangement.
•Please download the school Registration Form from the link below.
•Complete the school Registration Form and return to your consultant-in-charge on the exam day.
•Since you have already paid HK$500 registration fee at the Expo, you are NOT required to pay the registration fee mentioned in the form."|""|"500"|""
20|344|"20201015111352"|"AA00079"|""|""|"500"|""
20|483|"20201015111412"|"AA00079"|""|""|"500"|""
22|258|"20210615181725"|"AA00079"|""|""|"700"|""
22|278|"20210622170451"|"AA00079"|""|""|"700"|""
22|323|"20210615181738"|"AA00079"|""|""|"700"|""
12|524|"20181025124630"|""|"If you are Offered a place without further testing:

•Your consultant-in-charge will send you the offer document once available.
•Please download the school Registration Form from the link below.
•Complete the form and email to your consultant-in-charge with the acceptance document you will soon receive before the Acceptance Deadline stated on the offer letter.
•Since you have already paid HK$500 registration fee at the Expo, you are NOT required to pay the registration fee mentioned in the form.

If you are Encouraged to Take Exam:

•Your consultant-in-charge will contact you very soon to make the exam arrangement.
•Please download the school Registration Form from the link below.
•Complete the school Registration Form and return to your consultant-in-charge on the exam day.
•Since you have already paid HK$500 registration fee at the Expo, you are NOT required to pay the registration fee mentioned in the form."|"Share Booth with Taunton School International"|"500"|""
15|36|"20190706122417"|"AA00079"|""|""|"500"|""
12|687|"20181025124849"|""|"If you are Encouraged to Take Exam:

•Your consultant-in-charge will contact you very soon to make the exam arrangement.
•Please download the school Registration Form from the link below.
•Complete the school Registration Form and return to your consultant-in-charge on the exam day.
•Since you have already paid HK$500 registration fee at the Expo, you are NOT required to pay the registration fee mentioned in the form."|""|"500"|""
13|687|"20181025124948"|""|"If you are Encouraged to Take Exam:

•Your consultant-in-charge will contact you very soon to make the exam arrangement.
•Please download the school Registration Form from the link below.
•Complete the school Registration Form and return to your consultant-in-charge on the exam day.
•Since you have already paid HK$500 registration fee at the Expo, you are NOT required to pay the registration fee mentioned in the form."|""|"500"|""
12|593|"20181025125111"|""|"If you are Encouraged to Take Exam:

•Your consultant-in-charge will contact you very soon to make the exam arrangement.
•Please complete the school online Registration Form ASAP via the below link:
http://www.worthschool.org.uk/registration.php
•Please inform your consultant-in-charge after completion of the online registration.
•Since you have already paid HK$500 registration fee at the Expo, you are NOT required to pay the registration fee mentioned in the form."|""|"500"|""
12|471|"20181025125608"|""|"If you are Offered a place without further testing:

•Your consultant-in-charge will send you the offer document once available.
•Please complete the school online Registration Form ASAP via the below link:
https://www.standrewsprep.co.uk/admissions/fees-and-registration/online-registration-form/
•Please inform your consultant-in-charge after completion of the online registration.
•Complete and return to your consultant-in-charge the acceptance document you will soon receive before the Acceptance Deadline stated on the offer letter.
•Since you have already paid HK$500 registration fee at the Expo, you are NOT required to pay the registration fee mentioned in the form."|"Share Booth with Eastbourne college"|"500"|""
15|472|"20190706122636"|"AA00079"|""|""|"500"|""
12|30015|"20181025155038"|""|"If you are Encouraged to Take Exam:

•Your consultant-in-charge will contact you very soon to make the exam arrangement.
•Please download the school Registration Form from the link below.
•Complete the school Registration Form and return to your consultant-in-charge on the exam day.
•Since you have already paid HK$500 registration fee at the Expo, you are NOT required to pay the registration fee mentioned in the form.

If you are Invited for Interview before proceed further:

•Your consultant-in-charge will contact you very soon to make the arrangement.
•Please download the school Registration Form from the link below.
•Complete the school Registration Form and return to your consultant-in-charge on the interview day.
•Since you have already paid HK$500 registration fee at the Expo, you are NOT required to pay the registration fee mentioned in the form."|""|"500"|""
23|472|"20210923163252"|"AA00079"|""|""|"700"|""
24|30187|"20230207085610"|"AA00079"|""|""|"1800"|""
24|30168|"20230207085822"|"AA00079"|""|""|"1800"|""
24|30162|"20230207085622"|"AA00079"|""|""|"800"|""
24|508|"20230120123448"|"AA00079"|""|""|"800"|""
24|524|"20230120123456"|"AA00079"|""|""|"800"|""
24|30188|"20230207085634"|"AA00079"|""|""|"1800"|""
24|570|"20230120123524"|"AA00079"|""|""|"800"|""
15|41|"20191023200852"|""|"If you are Offered a place without further testing:

•Your consultant-in-charge will send you the offer document once available.
•Please download the school Registration Form from the link below.
•Complete the form and email to your consultant-in-charge with the acceptance document you will soon receive before the Acceptance Deadline stated on the offer letter.
•Since you have already paid HK$500 registration fee at the Expo, you are NOT required to pay the registration fee mentioned in the form.


If you are Invited for Interview before proceed further:

•Your consultant-in-charge will contact you very soon to make the arrangement.
•Please download the school Registration Form from the link below.
•Complete the school Registration Form and return to your consultant-in-charge on the interview day.
•Since you have already paid HK$500 registration fee at the Expo, you are NOT required to pay the registration fee mentioned in the form."|""|"500"|""
15|278|"20190706123602"|"AA00079"|""|""|"500"|""
15|133|"20190706124019"|"AA00079"|""|""|"500"|""
20|508|"20201015111421"|"AA00079"|""|""|"500"|""
21|150|"20201219104641"|"AA00079"|""|""|"500"|""
20|504|"20201020171103"|"AA00079"|""|""|"500"|""
20|524|"20201015111439"|"AA00079"|""|""|"500"|""
21|389|"20201228154104"|"AA00079"|""|""|"500"|""
20|522|"20201015111449"|"AA00079"|""|""|"500"|""
21|192|"20201219104652"|"AA00079"|""|""|"500"|""
21|480|"20201219104953"|"AA00079"|""|""|"500"|""
21|518|"20201219105026"|"AA00079"|""|""|"500"|""
21|494|"20201228154157"|"AA00079"|""|""|"500"|""
23|101|"20210922164348"|"AA00079"|""|""|"700"|""
22|40|"20210615181515"|"AA00079"|""|""|"700"|""
22|211|"20210615181749"|"AA00079"|""|""|"700"|""
22|41|"20210615181527"|"AA00079"|""|""|"700"|""
23|50|"20210922164300"|"AA00079"|""|""|"700"|""
22|58|"20210615181538"|"AA00079"|""|""|"700"|""
25|373|"20230611144510"|"AA00079"|""|""|"800"|""
22|76|"20210615181549"|"AA00079"|""|""|"700"|""
24|30191|"20230207085748"|"AA00079"|""|""|"1800"|""
24|36|"20230120123214"|"AA00079"|""|""|"800"|""
24|30160|"20230203092334"|"AA00079"|""|""|"1800"|""
24|40|"20230120123221"|"AA00079"|""|""|"800"|""
24|101|"20230120123232"|"AA00079"|""|""|"800"|""
24|200|"20230120123245"|"AA00079"|""|""|"800"|""
24|30165|"20230207085503"|"AA00079"|""|""|"1800"|""
24|274|"20230120123303"|"AA00079"|""|""|"800"|""
24|313|"20230120123316"|"AA00079"|""|""|"800"|""
24|30166|"20230207085513"|"AA00079"|""|""|"1800"|""
24|409|"20230120123329"|"AA00079"|""|""|"800"|""
23|36|"20210928112032"|"AA00079"|"Day/Boarding application policy:

Post interview we will select those students we wish to take to the next stage. Selected applicants will then need to register with us online( fee waivered as above) and then move to sit our school assessments, reference and school report to be included.
All spaces will be boarding."|""|"700"|""
22|545|"20210615181803"|"AA00079"|""|""|"700"|""
23|110|"20210922164411"|"AA00079"|""|""|"700"|""
22|423|"20210615181813"|"AA00079"|""|""|"700"|""
23|58|"20211005163653"|"AA00079"|"I have completed the Online Vacancies Form.  In summary, for 2022 entry we have spaces in Year 12 for boys and girls.  For Year 9 boys and girls, the registration deadline is Monday 8th November.  Currently there are no spaces for Year 10 boys but we can add interested students to our Continued Interest List in case a space becomes available.  Year 10 is not an entry point for girls."|""|"700"|""
22|480|"20210615181829"|"AA00079"|""|""|"700"|""
23|655|"20210922164426"|"AA00079"|""|""|"700"|""
22|492|"20210615181840"|"AA00079"|""|""|"700"|""
22|455|"20210615181849"|"AA00079"|""|""|"700"|""
24|412|"20230120123349"|"AA00079"|""|""|"800"|""
22|524|"20210615181902"|"AA00079"|""|""|"700"|""
23|20|"20211006152129"|"AA00079"|"Day/Boarding application policy

Day applications:
Main entry points are Year 3, Year 7, Year 9 and Year 12.  We may occasionally have places 
 in other year groups, please contact us to confirm availability before applying.

Boarding applications:
Boarding at Freemen's is available from Year 9.  Main entry points are Year 9 and Year 12.  We do occasionally have places available in Year 10, please contact us to check availability beore applying.

Entrance assessments for entry to all year groups will comprise written examinations in Mathematics, English and Non-Verbal Reasoning, an individual interview and a report from the pupil's current school. 

Candidates applying for entry to the Sixth Form (16+) who are taking 8 or more I/GCSEs will not need to sit further entrance examinations.  Please note that we require English as a First Language at GCSE for entry to the Sixth Form.  Candidates who are taking English as a Second Language at GCSE will be required to sit a written English examination to demonstrate their command of the English language."|""|"700"|""
23|197|"20210922164500"|"AA00079"|""|""|"700"|""
24|30186|"20230207085529"|"AA00079"|""|""|"1800"|""
22|687|"20210615181919"|"AA00079"|""|""|"700"|""
23|274|"20210922164517"|"AA00079"|""|""|"700"|""
24|419|"20230120123403"|"AA00079"|""|""|"800"|""
23|544|"20210922164532"|"AA00079"|""|""|"700"|""
24|30167|"20230207085807"|"AA00079"|""|""|"1800"|""
23|413|"20210922164555"|"AA00079"|""|""|"700"|""
24|68|"20230207085546"|"AA00079"|""|""|"800"|""
23|549|"20210922164610"|"AA00079"|""|""|"700"|""
24|423|"20230120123414"|"AA00079"|""|""|"800"|""
23|524|"20210922164627"|"AA00079"|""|""|"700"|""
25|41|"20230523165103"|"AA00079"|""|""|"800"|""
23|687|"20210922164648"|"AA00079"|""|""|"700"|""
29|125|"20241214112819"|"AA00082"|""|""|""|""
26|40|"20240130170026"|"AA00098"|""|""|"800"|""
25|30203|"20231031100757"|"AA00007"|"Meeting with school on 23 Oct 2023: 
- met 22 families at expo
- school has a programme called Aspire: for 6th form, the school hires ex pupils. help 6th form develop career and work exp opportunity. (just like a mentor) 
- new dance studio
- dining hall extended
- green roof
- developing fashion design opportunity"|""|"800"|""
25|30160|"20231012131903"|"AA00007"|""|""|"1800"|""
28|30184|"20250208104237"|"AA00098"|""|""|"2800"|""
25|17|"20231012131918"|"AA00007"|""|""|"0"|""
26|62|"20240130170109"|"AA00098"|""|""|"800"|""
25|30201|"20231012131926"|"AA00007"|""|""|"800"|""
28|3|"20250314113720"|"AA00098"|""|"Join Online, Original registration fee to be paid via online registration link"|"2500"|""
25|544|"20231012131938"|"AA00007"|""|""|"800"|""
26|85|"20240130170127"|"AA00098"|""|""|"800"|""
25|430|"20231012131946"|"AA00007"|""|""|"800"|""
28|7|"20250208104328"|"AA00098"|""|"Join Online, Original registration fee to be paid via online registration link"|"0"|""
25|593|"20231012132000"|"AA00007"|""|""|"800"|""
26|101|"20240130170144"|"AA00098"|""|""|"800"|""
25|30161|"20231014153647"|"AA00098"|""|""|"1800"|""
24|30169|"20230207085835"|"AA00079"|""|""|"1800"|""
28|599|"20250214123057"|"AA00098"|""|"Government school"|"0"|""
24|30170|"20230207085848"|"AA00079"|""|""|"1800"|""
24|30171|"20230207085900"|"AA00079"|""|""|"1800"|""
25|472|"20230523165121"|"AA00079"|""|""|"800"|""
24|30172|"20230207085917"|"AA00079"|""|""|"1800"|""
24|30173|"20230207085928"|"AA00079"|""|""|"1800"|""
25|30010|"20230611144533"|"AA00079"|""|""|"800"|""
24|30174|"20230207085939"|"AA00079"|""|""|"1800"|""
24|30175|"20230207085954"|"AA00079"|""|""|"1800"|""
28|28|"20250208103753"|"AA00098"|""|""|"500"|""
24|30176|"20230207090016"|"AA00079"|""|""|"1800"|""
24|30177|"20230207090027"|"AA00079"|""|""|"1800"|""
25|30165|"20231014153726"|"AA00098"|""|""|"1800"|""
24|30178|"20230207090037"|"AA00079"|""|""|"1800"|""
24|30179|"20230207090050"|"AA00079"|""|""|"1800"|""
25|101|"20230523165144"|"AA00079"|""|""|"800"|""
24|30180|"20230207090102"|"AA00079"|""|""|"1800"|""
28|36|"20250208103803"|"AA00098"|""|""|"500"|""
24|30181|"20230207090112"|"AA00079"|""|""|"1800"|""
25|655|"20230523165155"|"AA00079"|""|""|"800"|""
24|30182|"20230207090124"|"AA00079"|""|""|"1800"|""
24|30183|"20230207090135"|"AA00079"|""|""|"1800"|""
25|30186|"20231014153812"|"AA00098"|""|""|"1800"|""
24|30184|"20230207090145"|"AA00079"|""|""|"1800"|""
26|124|"20240130170217"|"AA00098"|""|""|"800"|""
24|30185|"20230207090154"|"AA00079"|""|""|"1800"|""
28|38|"20250208103807"|"AA00098"|""|""|"500"|""
24|522|"20230207090349"|"AA00079"|""|""|"800"|""
25|274|"20230523165259"|"AA00079"|""|""|"800"|""
25|30187|"20231014153835"|"AA00098"|""|""|"1800"|""
25|313|"20230523165315"|"AA00079"|""|""|"800"|""
26|30162|"20240202122433"|"AA00098"|""|""|"800"|""
25|337|"20230523165331"|"AA00079"|""|""|"800"|""
25|545|"20231016175945"|"AA00098"|""|""|"800"|""
25|344|"20230523165400"|"AA00079"|""|""|"800"|""
26|257|"20240130170246"|"AA00098"|""|""|"800"|""
25|367|"20230523165412"|"AA00079"|""|""|"800"|""
25|389|"20230523165449"|"AA00079"|""|""|"800"|""
25|413|"20230523165504"|"AA00079"|""|""|"800"|""
25|423|"20230523165516"|"AA00079"|""|""|"800"|""
25|483|"20230523165533"|"AA00079"|""|""|"800"|""
25|549|"20230523165548"|"AA00079"|""|""|"800"|""
25|508|"20230523165622"|"AA00079"|""|""|"800"|""
25|524|"20230523165717"|"AA00079"|""|""|"800"|""
25|687|"20230523165729"|"AA00079"|""|""|"800"|""
26|258|"20240130170400"|"AA00098"|""|""|"800"|""
28|40|"20250208103812"|"AA00098"|""|""|"500"|""
26|259|"20240130170418"|"AA00098"|""|""|"800"|""
26|30159|"20240218131929"|"AA00098"|""|""|"0"|""
26|271|"20240130170442"|"AA00098"|""|""|"800"|""
28|44|"20250208103815"|"AA00098"|""|""|"500"|""
26|351|"20240130170459"|"AA00098"|""|""|"800"|""
28|50|"20250208103820"|"AA00098"|""|""|"500"|""
26|362|"20240130170531"|"AA00098"|""|""|"800"|""
26|576|"20240202123218"|"AA00098"|""|""|"800"|""
26|380|"20240130170552"|"AA00098"|""|""|"800"|""
28|62|"20250208103823"|"AA00098"|""|""|"500"|""
26|409|"20240130170611"|"AA00098"|""|""|"800"|""
26|68|"20240202123317"|"AA00098"|""|""|"800"|""
26|455|"20240130170627"|"AA00098"|""|""|"800"|""
28|68|"20250208103829"|"AA00098"|""|""|"500"|""
26|460|"20240130170648"|"AA00098"|""|""|"800"|""
26|98|"20240202123333"|"AA00098"|""|""|"800"|""
26|631|"20240130170702"|"AA00098"|""|""|"800"|""
28|576|"20250208103833"|"AA00098"|""|""|"500"|""
26|511|"20240130170718"|"AA00098"|""|""|"800"|""
28|98|"20250208103845"|"AA00098"|""|""|"500"|""
26|518|"20240130170733"|"AA00098"|""|""|"800"|""
28|101|"20250208103848"|"AA00098"|""|""|"500"|""
26|552|"20240130170754"|"AA00098"|""|""|"800"|""
28|30162|"20250208103852"|"AA00098"|""|""|"500"|""
26|570|"20240130170805"|"AA00098"|""|""|"800"|""
28|115|"20250208103856"|"AA00098"|""|""|"500"|""
26|577|"20240130170820"|"AA00098"|""|""|"800"|""
28|655|"20250208103905"|"AA00098"|""|""|"500"|""
26|607|"20240130170845"|"AA00098"|""|""|"800"|""
28|130|"20250208103917"|"AA00098"|""|""|"500"|""
26|30160|"20240130170905"|"AA00098"|""|""|"2800"|""
28|136|"20250208103921"|"AA00098"|""|""|"500"|""
26|30161|"20240130170915"|"AA00098"|""|""|"2800"|""
28|30198|"20250208103925"|"AA00098"|""|""|"500"|""
26|30165|"20240130170935"|"AA00098"|""|""|"2800"|""
28|192|"20250208103934"|"AA00098"|""|""|"500"|""
28|30163|"20250208103940"|"AA00098"|""|""|"500"|""
28|30056|"20250208103950"|"AA00098"|""|""|"500"|""
28|259|"20250208103954"|"AA00098"|""|""|"500"|""
28|304|"20250208103958"|"AA00098"|""|""|"500"|""
28|351|"20250208104002"|"AA00098"|""|""|"500"|""
28|367|"20250208104005"|"AA00098"|""|""|"500"|""
28|409|"20250208104111"|"AA00098"|""|""|"500"|""
28|631|"20250208104116"|"AA00098"|""|""|"500"|""
28|518|"20250208104120"|"AA00098"|""|""|"500"|""
28|30043|"20250208104123"|"AA00098"|""|""|"500"|""
28|30164|"20250208104127"|"AA00098"|""|""|"500"|""
28|13|"20250208104132"|"AA00098"|""|""|"500"|""
28|577|"20250208104136"|"AA00098"|""|""|"500"|""
28|30160|"20250208104212"|"AA00098"|""|""|"2800"|""
28|30161|"20250208104217"|"AA00098"|""|""|"2800"|""
28|30165|"20250208104220"|"AA00098"|""|""|"2800"|""
28|30186|"20250208104224"|"AA00098"|""|""|"2800"|""
27|36|"20241014190034"|"AA00098"|""|""|"800"|""
27|40|"20241014190041"|"AA00098"|""|""|"800"|""
27|472|"20241014190045"|"AA00098"|""|""|"800"|""
27|50|"20241014190049"|"AA00098"|""|""|"800"|""
27|76|"20241014190051"|"AA00098"|""|""|"800"|""
27|85|"20241014190055"|"AA00098"|""|""|"800"|""
27|101|"20241014190059"|"AA00098"|""|""|"800"|""
27|113|"20241014190105"|"AA00098"|""|""|"800"|""
27|655|"20241014190111"|"AA00098"|""|""|"800"|""
27|30201|"20241014190118"|"AA00098"|""|""|"800"|""
27|17|"20241014190148"|"AA00098"|""|""|"0"|""
27|136|"20241014190153"|"AA00098"|""|"Reg link for AA- https://www.dauntseys.org/contact-us/register/online-registration-form-academic-asia"|"800"|""
27|159|"20241014190159"|"AA00098"|""|""|"800"|""
27|30203|"20241014190203"|"AA00098"|""|""|"800"|""
27|250|"20241014190208"|"AA00098"|""|""|"0"|""
27|257|"20241014190212"|"AA00098"|""|""|"800"|""
27|261|"20241014190220"|"AA00098"|""|""|"800"|""
27|274|"20241014190223"|"AA00098"|""|""|"800"|""
27|304|"20241014190228"|"AA00098"|""|""|"800"|""
27|493|"20241014190231"|"AA00098"|""|""|"800"|""
27|373|"20241014190235"|"AA00098"|""|""|"800"|""
27|380|"20241014190238"|"AA00098"|""|""|"800"|""
27|389|"20241014190242"|"AA00098"|""|""|"800"|""
27|10|"20241014190246"|"AA00098"|""|""|"800"|""
27|409|"20241014190249"|"AA00098"|""|""|"800"|""
27|544|"20241014190253"|"AA00098"|""|""|"800"|""
27|545|"20241014190256"|"AA00098"|""|""|"800"|""
27|413|"20241014190300"|"AA00098"|""|""|"800"|""
27|423|"20241014190304"|"AA00098"|""|""|"800"|""
27|430|"20241014190307"|"AA00098"|""|""|"800"|""
27|18|"20241014190311"|"AA00098"|"Sherborne School Group"|""|"800"|""
27|438|"20241014190315"|"AA00098"|""|""|"800"|""
27|441|"20241014190318"|"AA00098"|""|""|"800"|""
27|508|"20241014190321"|"AA00098"|""|""|"800"|""
27|524|"20241014190326"|"AA00098"|""|""|"800"|""
27|30035|"20241014190329"|"AA00098"|""|""|"800"|""
27|687|"20241014190333"|"AA00098"|""|""|"800"|""
27|593|"20241014190337"|"AA00098"|""|""|"800"|""
27|30160|"20241014190420"|"AA00098"|""|""|"2800"|""
27|30161|"20241014190429"|"AA00098"|""|""|"2800"|""
27|30176|"20241014190439"|"AA00098"|""|""|"2800"|""
30|2|"20250531150710"|"AA00007"|""|""|""|""
30|1|"20250602113831"|"AA00133"|""|""|""|""
30|36|"20250602113907"|"AA00133"|""|""|""|""
30|50|"20250602113922"|"AA00133"|""|""|""|""
30|60|"20250602113936"|"AA00133"|""|""|""|""
30|21|"20250602113953"|"AA00133"|""|""|""|""
30|101|"20250602114047"|"AA00133"|""|""|""|""
30|130|"20250602114104"|"AA00133"|""|""|""|""
30|154|"20250602114113"|"AA00133"|""|""|""|""
30|304|"20250602114135"|"AA00133"|""|""|""|""
30|418|"20250602114204"|"AA00133"|""|""|""|""
30|11|"20250602114247"|"AA00133"|""|""|""|""
30|454|"20250602114305"|"AA00133"|""|""|""|""
30|508|"20250602114321"|"AA00133"|""|""|""|""
30|533|"20250602114347"|"AA00133"|""|""|""|""
30|22|"20250602114359"|"AA00133"|""|""|""|""
30|13|"20250602114413"|"AA00133"|""|""|""|""
30|438|"20250602114516"|"AA00133"|""|""|""|""
30|676|"20250602115057"|"AA00133"|""|""|""|""
30|9|"20250603213323"|""|""|""|""|""
30|103|"20250603213651"|""|""|""|""|""
30|687|"20250603213938"|""|""|""|""|""
30|500|"20250603214353"|""|""|""|""|""
30|10|"20250605155911"|"AA00133"|""|""|""|""
30|611|"20250607121801"|"AA00007"|"students need to go on the link 5-10 min early to read the an article before interview"|""|""|""
30|7|"20250613202416"|"AA00007"|""|""|""|""
