"statustype"|"statusfor"
"Location Preference"|"infotype"
"Preferred School Type"|"infotype"
"Max Budget per Term"|"infotype"
"Religion Requirement"|"infotype"
"Other Requirement"|"infotype"
"School Preferred"|"infotype"
"School Applied Before"|"infotype"
"Reasons to Study in UK"|"infotype"
"Know AA From"|"infotype"
"Received News from AA"|"infotype"
"Guardian Type"|"infotype"
"Training"|"aaschedule"
"Walk-In"|"source"
"Walk-In (Friends)"|"source"
"Newspaper"|"source"
"MTR"|"source"
"Website"|"source"
"Direct Mail"|"source"
"Referral (School)"|"source"
"May Expo 09"|"source"
"Top Schools 09"|"source"
"Oct Expo 09"|"source"
"Focus"|"source"
"Top School 10"|"source"
"EduWise"|"source"
"Top Schools 10 (WL)"|"source"
"OCT EXPO 10"|"source"
"Top Schools 11"|"source"
"Top Schools 12"|"source"
"Top Schools 13"|"source"
"May Expo 11"|"source"
"Oct Expo 11"|"source"
"Top Schools 11 (WL)"|"source"
"June Expo 12"|"source"
"Oct Expo 12"|"source"
"Feb Expo 13"|"source"
"Top Schools 14"|"source"
"Oct Expo 13"|"source"
"Role-Play"|"aaschedule"
"NO AA"|"aaschedule"
"chinese_few"|"keyword"
"math"|"keyword"
"econ"|"keyword"
"itin requested"|"pickupstatus"
"Family self-arrange"|"pickupstatus"
"value_for_money"|"keyword"
"Golf"|"keyword"
"BI (L)"|"optionaldocumentname"
"AA Test_Math and Grammar (L)"|"optionaldocumentname"
"AA Test_Essay (L)"|"optionaldocumentname"
"uni_link"|"keyword"
"down_to_earth"|"keyword"
"chess_ex"|"keyword"
"politics"|"keyword"
"activities_ex"|"keyword"
"satellite_school"|"keyword"
"ACCOMMODATION"|"schoolnote"
"busy_life"|"keyword"
"traditional"|"keyword"
"academic_push"|"keyword"
"sports_ex"|"keyword"
"CH- HK Bursary"|"source"
"AA Test"|"aaschedule"
"Skype"|"aatest"
"Video Interview"|"aatest"
"School"|"aatest"
"Meeting"|"aatest"
"Redo AA"|"aaschedule"
"Consultation"|"aaschedule"
"Document"|"aaschedule"
"Exam"|"aaschedule"
"Interview"|"aaschedule"
"Video Interview"|"aaschedule"
"School"|"aaschedule"
"Others"|"aatest"
"AA Test"|"aatest"
"Redo AA"|"aatest"
"Exam"|"aatest"
"football"|"keyword"
"Online Test"|"aatest"
"Relatives / Friends act as Guardian in UK"|"infotype"
"Relatives / Friends Studying in UK"|"infotype"
"All Papers"|"testpaper1"
"Top Schools 15"|"source"
"Top Schools 16"|"source"
"Maths"|"testpaper3"
"Writing"|"testpaper2"
"Others"|"aaschedule"
"Meeting"|"aaschedule"
"English Standard"|"infotype"
"Interests / Hobbies"|"infotype"
"Character"|"infotype"
"Special Talents"|"infotype"
"Learning Difficulties"|"infotype"
"Hum_gd"|"keyword"
"chinese_many"|"keyword"
"itin received"|"pickupstatus"
"reglious"|"keyword"
"Grammer"|"testpaper1"
"Consultation"|"testpaper4"
"Non-comm"|"keyword"
"famous_worldwide"|"keyword"
"famous_uk"|"keyword"
"campus_small"|"keyword"
"friendly"|"keyword"
"induction"|"keyword"
"value_added"|"keyword"
"sport_gd"|"keyword"
"German"|"nationality"
"Caring_ex"|"keyword"
"diamond_school"|"keyword"
"special_need"|"keyword"
"family acknowledged confirmation"|"pickupstatus"
"Consultant handle"|"pickupstatus"
"AA ONLY"|"schoolnote"
"APPLICATION PROCEDURE"|"schoolnote"
"SPORTS"|"schoolnote"
"ACTIVITIES"|"schoolnote"
"MUSIC"|"schoolnote"
"SCHOOL"|"schoolnote"
"activities_gd"|"keyword"
"geog"|"keyword"
"facilities_ex"|"keyword"
"facilities_gd"|"keyword"
"DT_ex"|"keyword"
"school_near_town"|"keyword"
"Swimming"|"keyword"
"Tennis"|"keyword"
"Skiing"|"keyword"
"Year 10"|"course"
"Year 11"|"course"
"Year 12"|"course"
"Year 13"|"course"
"18 months AL"|"course"
"1-Year AL"|"course"
"NOSkype/online/indi."|"aatest"
"1-Year GCSE"|"course"
"AA TEST ONLY"|"aatest"
"Email ONLY"|"returnmethod"
"Email & Air Mail"|"returnmethod"
"Email & Registered Mail"|"returnmethod"
"Email & Courier"|"source"
"Courier ONLY"|"returnmethod"
"Return to Officer"|"returnmethod"
"ACADEMIC"|"schoolnote"
"1-Year IGCSE"|"course"
"1-Year IGCSE/GCSE"|"course"
"1-Year Pre-AL"|"course"
"YES School"|"keyword"
"confirmation emailed family"|"pickupstatus"
"1-Year Pre-Sixth Form"|"course"
"campus_huge"|"keyword"
"Reg Form & Fee"|"collect"
"campus_enclosed"|"keyword"
"NO Form & Fee to be collected"|"collect"
"Reg Form ONLY"|"collect"
"Reg Fee ONLY"|"collect"
"Exam Fee HK$1000"|"collect"
"School"|"pickupby"
"music_ex"|"keyword"
"Quest"|"pickupby"
"WHG"|"pickupby"
"Others"|"pickupby"
"London Heathrow T5"|"arrivallocation"
"London Heathrow T4"|"arrivallocation"
"London Heathrow T3"|"arrivallocation"
"London Heathrow T2"|"arrivallocation"
"London Heathrow T1"|"arrivallocation"
"London Gatwick"|"arrivallocation"
"London Luton"|"arrivallocation"
"London Stanstead"|"arrivallocation"
"Manchester T1"|"arrivallocation"
"Manchester T2"|"arrivallocation"
"Manchester T3"|"arrivallocation"
"Belfast International"|"arrivallocation"
"Birmingham"|"arrivallocation"
"Bristol"|"arrivallocation"
"British Airways"|"flight"
"music_gd"|"keyword"
"urban"|"keyword"
"posh"|"keyword"
"Edinburgh"|"arrivallocation"
"International_environment"|"keyword"
"request made"|"pickupstatus"
"Riding_ex"|"keyword"
"sch/guardian cfm booking will be made"|"pickupstatus"
"details confirmed"|"pickupstatus"
"Email & Courier"|"returnmethod"
"Year 12_IB"|"course"
"rural"|"keyword"
"2-Year AL"|"course"
"2-Year IGCSE/GCSE"|"course"
"2-Year Pre-AL"|"course"
"3-Year AL"|"course"
"3-Year GCSE"|"course"
"Access to Further Education"|"course"
"Foundation"|"course"
"International Foundation"|"course"
"Nursery"|"course"
"Pre-AL"|"course"
"Pre-Foundation"|"course"
"Pre-GCSE"|"course"
"Pre-IB"|"course"
"Pre-Kindergarten"|"course"
"Pre-Prep"|"course"
"Pre-Sessional Course"|"course"
"Reception"|"course"
"Sixth Form Foundation"|"course"
"Summer"|"course"
"English"|"course"
"1-Year Foundation"|"course"
"Reg Form"|"schooldocumentname"
"Development Year"|"course"
"Canadian"|"nationality"
"UKiset"|"schoolnote"
"art_gd"|"keyword"
"dance_academic"|"keyword"
"fencing_ex"|"keyword"
"town school"|"keyword"
"art_ex"|"keyword"
"science"|"keyword"
"Humberside"|"arrivallocation"
"Isle of Man"|"arrivallocation"
"Leeds"|"arrivallocation"
"Newcastle"|"arrivallocation"
"Norwich"|"arrivallocation"
"Hist"|"keyword"
"special_need_school"|"keyword"
"booking made & awt contact details"|"pickupstatus"
"good feedback"|"keyword"
"Cathay Pacific"|"flight"
"Virgin Atlantic"|"flight"
"Air France"|"flight"
"Air New Zealand"|"flight"
"Emirate"|"flight"
"KLM Royal Dutch"|"flight"
"Lufthansa"|"flight"
"Qantas"|"flight"
"Qatar Airways"|"flight"
"CV"|"standarddocumentname"
"Report and Certificate"|"standarddocumentname"
"VISIT"|"schoolnote"
"Accelerated Learning Programme (BALP)"|"course"
"Others (see Remark)"|"collect"
"Reg Form & Fee & Exam Fee HK$1000"|"collect"
"Trip"|"aaschedule"
"USA"|"nationality"
"British Citizen"|"nationality"
"HKSAR"|"nationality"
"Chinese"|"nationality"
"BNO"|"nationality"
"Australian"|"nationality"
"Austria"|"nationality"
"Belgium"|"nationality"
"Canadian"|"infotype"
"Indian"|"nationality"
"Italiana"|"nationality"
"Japan"|"nationality"
"Korea"|"nationality"
"Macau"|"nationality"
"Malaysia"|"nationality"
"New Zealand"|"nationality"
"Philippines"|"nationality"
"Portuguese"|"nationality"
"Singapore"|"nationality"
"Taiwan"|"nationality"
"Thai"|"nationality"
"Year 3"|"course"
"Year 4"|"course"
"Year 5"|"course"
"Year 6"|"course"
"Year 7"|"course"
"Year 8"|"course"
"Year 9"|"course"
"PORTRAIT"|"schoolnote"
"SCHOLARSHIP"|"schoolnote"
"AA Test + Oral & Con Booked"|"action"
"Oral & Con Booked"|"action"
"Level 4"|"course"
"EARLY ENTRY SCHEME"|"schoolnote"
"Year 2"|"course"
"IB"|"keyword"
"ISI"|"schoolnote"
"AL SUBJECTS"|"schoolnote"
"FEATURE"|"schoolnote"
"Belfast George Best City Airport"|"arrivallocation"
"BTEC"|"course"
"SELECTED SCHOOL LIST REMARK_ENG"|"schoolnote"
"SELECTED SCHOOL LIST REMARK_CHI"|"schoolnote"
"ALUMNI"|"schoolnote"
"UNIVERSITY DESTINATION"|"schoolnote"
"HSBC"|"source"
"Passport"|"standarddocumentname"
"Birth Certificate"|"standarddocumentname"
"UKiset"|"optionaldocumentname"
"Holland/Netherlands"|"nationality"
"COMPETITION"|"schoolnote"
"NATIONALITY MIX"|"schoolnote"
"Level 5"|"course"
"Easter"|"course"
"Level 6"|"course"
"Level 7"|"course"
"Level 8"|"course"
"Level 9"|"course"
"Level 10"|"course"
"Year 1"|"course"
"Academic Preparation Course"|"course"
"IELTS"|"optionaldocumentname"
"Transferred Successfully to Con Team"|"action"
"Music Achievement"|"standarddocumentname"
"AA Test_Math and Grammar"|"standarddocumentname"
"AA Test_Essay"|"standarddocumentname"
"Left Message to Con Team"|"action"
"Client Refused to Leave Contact No."|"action"
"Cold"|"placement"
"Warm"|"placement"
"Hot"|"placement"
"Very Hot"|"placement"
"University"|"course"
