"indinterview_id"|"school_id"|"lastupdate"|"staffid"|"remarks"|"eventremarks"|"regfee"|"payableto"
19|534|"20130927110216"|"AA00003"|""|""|""|""
3|6|"20121013104209"|"AA00007"|""|""|""|""
4|286|"20130311195309"|""|""|""|""|""
5|293|"20130416115841"|"AA00003"|""|""|""|""
6|517|"20130427172455"|"AA00003"|""|""|""|""
7|290|"20130427175111"|"AA00003"|""|""|""|""
8|339|"20130502174716"|"AA00003"|""|""|""|""
9|638|"20130503195157"|"AA00003"|""|""|""|""
10|52|"20130507194504"|"AA00003"|""|""|""|""
11|554|"20130510212059"|"AA00003"|""|""|""|""
12|575|"20130511170456"|"AA00003"|""|""|""|""
13|196|"20130613123018"|"AA00003"|""|""|""|""
14|517|"20130619121133"|"AA00003"|""|""|""|""
16|245|"20130705165446"|"AA00003"|""|""|""|""
17|340|"20130822124638"|"AA00003"|""|""|""|""
18|4|"20130826214751"|"AA00003"|""|""|""|""
20|7|"20131003150133"|"AA00003"|""|""|""|""
21|53|"20131007115321"|"AA00003"|""|""|""|""
22|599|"20131008111605"|"AA00003"|""|""|""|""
23|6|"20131014190504"|"AA00003"|""|""|""|""
24|543|"20131022105659"|"AA00003"|""|""|""|""
25|20|"20131022112144"|"AA00003"|""|""|""|""
26|503|"20131023193857"|"AA00003"|""|""|""|""
26|504|"20131023193905"|"AA00003"|""|""|""|""
27|7|"20131023202446"|"AA00003"|""|""|""|""
44|517|"20140531114631"|"AA00003"|""|""|""|""
45|196|"20140603102157"|"AA00003"|""|""|""|""
28|286|"20131024114316"|"AA00003"|""|""|""|""
29|192|"20131107112740"|"AA00003"|""|""|""|""
30|508|"20131128105643"|"AA00003"|""|""|""|""
31|185|"20131216104043"|"AA00003"|""|""|""|""
32|430|"20131220105224"|"AA00003"|""|""|""|""
33|245|"20131221111004"|"AA00003"|""|""|""|""
34|575|"20131224103315"|"AA00003"|""|""|""|""
35|457|"20140117105455"|"AA00003"|""|""|""|""
36|115|"20140125165204"|"AA00003"|""|""|""|""
37|557|"20140206154428"|"AA00003"|""|""|""|""
38|78|"20140217102941"|"AA00003"|""|""|""|""
39|271|"20140219191735"|"AA00003"|""|""|""|""
40|245|"20140307190251"|"AA00003"|""|""|""|""
41|577|"20140313220627"|"AA00003"|""|""|""|""
42|435|"20140326103911"|"AA00003"|""|""|""|""
43|638|"20140423182859"|"AA00003"|""|""|""|""
46|245|"20140604181915"|"AA00003"|""|""|""|""
47|475|"20140619101628"|"AA00003"|""|""|""|""
48|597|"20140702113752"|"AA00003"|""|""|""|""
49|681|"20140709150704"|"AA00003"|""|""|""|""
50|274|"20140717212644"|"AA00003"|""|""|""|""
51|543|"20140722132008"|"AA00003"|""|""|""|""
52|318|"20140808175914"|"AA00003"|""|""|""|""
53|599|"20140827214506"|"AA00003"|""|""|""|""
54|517|"20140905122638"|"AA00003"|""|""|""|""
55|18|"20140905133333"|"AA00003"|""|""|""|""
57|20|"20140918170810"|"AA00003"|""|""|""|""
58|504|"20140920114848"|"AA00003"|""|""|""|""
56|313|"20140912164826"|"AA00003"|""|""|""|""
58|503|"20140920114853"|"AA00003"|""|""|""|""
59|18|"20140928160607"|"AA00003"|""|""|""|""
60|345|"20140930101053"|"AA00003"|""|""|""|""
61|7|"20141007173100"|"AA00003"|""|""|""|""
62|6|"20141008110030"|"AA00003"|""|""|""|""
63|534|"20141008110453"|"AA00003"|""|""|""|""
64|101|"20141008214854"|"AA00003"|""|""|""|""
69|508|"20141202230108"|"AA00003"|""|""|""|""
70|7|"20141220183045"|"AA00003"|""|""|""|""
65|245|"20141030113102"|"AA00003"|""|""|""|""
66|577|"20141102171226"|"AA00003"|""|""|""|""
67|340|"20141107180340"|"AA00003"|""|""|""|""
68|136|"20141111230306"|"AA00007"|""|""|""|""
71|638|"20150216175429"|"AA00003"|""|""|""|""
72|30011|"20150224112134"|"AA00003"|""|""|""|""
74|245|"20150311155314"|"AA00003"|""|""|""|""
73|286|"20150303111839"|"AA00003"|""|""|""|""
75|340|"20150520102206"|"AA00007"|""|""|""|""
77|196|"20150605211114"|"AA00007"|""|""|""|""
76|30011|"20150605211224"|"AA00007"|""|""|""|""
78|517|"20150606121356"|""|""|""|""|""
79|68|"20150608202848"|"AA00007"|""|""|""|""
80|30011|"20150619130216"|"AA00003"|""|""|""|""
81|599|"20150619150227"|"AA00062"|""|""|""|""
82|638|"20150715101431"|"AA00007"|""|""|""|""
83|20|"20150806111733"|"AA00062"|""|""|""|""
84|534|"20150819130634"|"AA00062"|""|""|""|""
85|318|"20150826130717"|"AA00062"|""|""|""|""
86|575|"20150901104611"|"AA00062"|""|""|""|""
87|6|"20150909173231"|"AA00062"|""|""|""|""
88|18|"20150925104700"|"AA00062"|""|""|""|""
89|438|"20150929161409"|"AA00062"|""|""|""|""
90|274|"20151009015922"|"AA00007"|""|""|""|""
91|7|"20151010184310"|""|""|""|""|""
92|7|"20151209184800"|"AA00007"|""|""|""|""
93|577|"20151212105518"|"AA00062"|""|""|""|""
94|185|"20151212112305"|"AA00062"|""|""|""|""
95|268|"20151215130453"|"AA00062"|""|""|""|""
96|7|"20151223135159"|""|""|""|""|""
98|383|"20160216221110"|"AA00007"|""|""|""|""
100|557|"20160315122105"|"AA00062"|""|""|""|""
101|638|"20160317131026"|"AA00062"|""|""|""|""
102|18|"20160318114611"|"AA00062"|""|""|""|""
103|286|"20160324121251"|"AA00062"|""|""|""|""
106|30011|"20160528115424"|"AA00062"|""|""|""|""
107|599|"20160528120617"|"AA00062"|""|""|""|""
104|245|"20160430102304"|"AA00061"|""|""|""|""
105|30011|"20160506175837"|"AA00062"|""|""|""|""
108|30011|"20160528123204"|"AA00062"|""|""|""|""
109|30011|"20160528123614"|"AA00062"|""|""|""|""
110|30011|"20160603102830"|"AA00062"|""|""|""|""
111|30011|"20160603103200"|"AA00062"|""|""|""|""
112|30011|"20160603103729"|"AA00062"|""|""|""|""
113|30011|"20160603104011"|"AA00062"|""|""|""|""
114|340|"20160621101513"|"AA00062"|""|""|""|""
115|318|"20160815114437"|"AA00061"|""|""|""|""
116|30010|"20160922115206"|"AA00061"|""|""|""|""
117|7|"20160929105825"|"AA00061"|""|""|""|""
118|575|"20160929112641"|"AA00007"|""|""|""|""
119|302|"20160929201629"|"AA00061"|""|""|""|""
120|18|"20160930112630"|"AA00061"|""|""|""|""
120|435|"20160930112638"|"AA00061"|""|""|""|""
120|438|"20160930112708"|"AA00061"|""|""|""|""
121|534|"20160930205253"|"AA00007"|""|""|""|""
122|686|"20161006104714"|"AA00061"|""|""|""|""
123|508|"20161008111237"|"AA00061"|""|""|""|""
124|20|"20161018202842"|""|""|""|""|""
125|6|"20161022223457"|"AA00007"|""|""|""|""
126|306|"20161111155640"|"AA00061"|""|""|""|""
127|115|"20170107130947"|"AA00061"|""|""|""|""
128|688|"20170220192321"|"AA00007"|""|""|""|""
129|110|"20170316162200"|"AA00061"|""|""|""|""
130|384|"20170327145336"|"AA00007"|""|""|""|""
131|30043|"20170508180224"|"AA00061"|""|""|""|""
132|599|"20170525190533"|"AA00061"|""|""|""|""
133|638|"20170605153112"|""|""|""|""|""
134|534|"20170908143126"|"AA00061"|""|""|""|""
135|318|"20170912193644"|"AA00061"|""|""|""|""
136|7|"20171003232440"|"AA00061"|""|""|""|""
137|30010|"20171007105120"|"AA00061"|""|""|""|""
138|575|"20171014122152"|"AA00061"|""|""|""|""
139|6|"20171017153717"|""|""|""|""|""
140|251|"20180206164547"|"AA00061"|""|""|""|""
141|384|"20180308164509"|"AA00061"|""|""|""|""
142|524|"20180317102243"|"AA00075"|""|""|""|""
143|524|"20180317103401"|"AA00075"|""|""|""|""
144|78|"20180407144323"|"AA00061"|""|""|""|""
148|599|"20180926095009"|"AA00075"|""|""|""|""
145|638|"20180511125841"|"AA00079"|""|""|""|""
146|534|"20180825172415"|"AA00061"|""|""|""|""
147|318|"20180831191753"|"AA00061"|""|""|""|""
152|182|"20181010173824"|"AA00007"|""|""|""|""
149|18|"20180928130643"|"AA00075"|""|""|""|""
154|413|"20181024003838"|"AA00007"|""|""|""|""
150|274|"20181002153723"|"AA00075"|""|""|""|""
153|6|"20181017104042"|""|""|""|""|""
151|7|"20181004094319"|"AA00075"|""|""|""|""
155|413|"20190122123113"|"AA00079"|""|""|""|""
156|383|"20190312153009"|"AA00079"|""|""|""|""
158|638|"20190517153830"|"AA00079"|""|""|""|""
159|676|"20190726220517"|"AA00007"|""|""|""|""
160|274|"20191004125656"|"AA00079"|""|""|""|""
161|6|"20191020212751"|""|""|""|""|""
162|413|"20191023114958"|"AA00079"|""|""|""|""
165|638|"20200313173754"|"AA00079"|""|""|""|""
163|30045|"20191125163420"|"AA00079"|""|""|""|""
164|4|"20191212010643"|"AA00007"|""|""|""|""
166|12|"20200331134053"|"AA00098"|""|""|""|""
168|676|"20200919194756"|"AA00082"|""|""|""|""
170|687|"20201022154819"|"AA00098"|""|""|""|""
169|12|"20200928185745"|"AA00007"|""|""|""|""
173|687|"20201106172141"|"AA00098"|""|""|""|""
171|6|"20201025102310"|""|""|""|""|""
174|6|"20201117152243"|"AA00098"|""|""|""|""
172|6|"20201027220011"|"AA00007"|""|""|""|""
175|687|"20201120162351"|"AA00098"|""|""|""|""
197|6|"20231113103541"|"AA00098"|""|""|""|""
176|6|"20211020171701"|"AA00079"|""|""|""|""
179|4|"20211204103212"|"AA00079"|""|""|""|""
177|6|"20211026114431"|"AA00079"|""|""|""|""
180|687|"20220929165255"|"AA00079"|""|""|""|""
178|6|"20211026231605"|""|""|""|""|""
182|6|"20221026124254"|"AA00079"|""|""|""|""
181|101|"20221005151528"|"AA00079"|""|""|""|""
184|676|"20230227112059"|"AA00079"|""|""|""|""
185|638|"20230612111306"|"AA00079"|""|""|""|""
186|534|"20230710142429"|"AA00079"|""|""|""|""
187|10|"20230919120147"|"AA00098"|""|""|""|""
188|493|"20230928110544"|"AA00098"|""|""|""|""
189|611|"20231005003116"|"AA00007"|""|""|""|""
192|18|"20231009151626"|"AA00098"|""|""|""|""
190|140|"20231005153758"|"AA00098"|""|""|""|""
194|418|"20231027163708"|"AA00098"|""|""|""|""
191|110|"20231006112404"|"AA00007"|""|""|""|""
193|322|"20231012122134"|"AA00098"|""|""|""|""
195|6|"20231027165656"|"AA00098"|""|""|""|""
196|418|"20231028110141"|"AA00098"|""|""|""|""
198|261|"20231128115151"|"AA00098"|""|""|""|""
199|2|"20240206112153"|"AA00098"|""|""|""|""
200|3|"20240215162939"|"AA00098"|""|""|""|""
201|101|"20240221154035"|"AA00098"|""|""|""|""
202|130|"20240305111811"|"AA00098"|""|""|""|""
203|6|"20240617212209"|"AA00007"|""|""|""|""
206|15|"20240810112632"|"AA00098"|""|""|""|""
207|2|"20250217174632"|"AA00098"|""|""|""|""
209|6|"20250321153158"|"AA00098"|""|""|""|""
204|130|"20240621124847"|"AA00098"|""|""|"2000"|""
208|2|"20250217175526"|"AA00098"|""|""|""|""
